,chrom,start,end,strand,transcript_id,transcript_name,ATAC_score_sum,number_peaks,ATAC_score_mean,location_peaks,manual_curation,sequence
2165,chrX,136171023,136173022,-,62681,uc033jtg.1,0.96737871174,2,0.48368935587,"1288,1793;489,1137;",1,TTTTCTTCAGACAGACTTCGGAAATAAACGTTCACCCTCGACGGTCGTCAGTAGTTAATTTTCAAGTCTGCAGATTATTATCGGATTCGAGTCCGTTTCTCTCAGCACCTAACGCCTCTGTTTTGATTGCTTTGTTTAGCCGACAAAAGTCTCAGCCAAACGTTTGCTACGGTAAAATCATTCTAAAAATTTTTTGGGGTTGTGTAGTTATACAACATTTATGACACGAAAGTGAACGTCAGTAATCTTATGAAAAACTTTGGAATTTTAACTAAATTACTTCAATAAAAGAGGAGTAGATCACACTTTATCACTTATACTTCATAGAGAAAAATTTATAGTAAAATTTGGGACTAAGAATGTTGTCTTGTGGTGTCTTTTGCTGAGTTCTTCGATTTGTAGGGAAGGAATCCGAAAATAAGAAGGCGATGGGGGTGTTCGCGTGTAGATGTTGGAAGGGGGTAAAATTTCTGTCTCTTCGAAGGGTCTCTTTACCACCTGACATCCTAAACCACCCCCCTCCCCTTCCCTTCATATCCCTCGTTCCCTCTCTTTCTCGACTGAAGGGTTTAATCCTCTTAACCAGCTGCATGGGATTTTCTGACGAGAAAAGGACCATTAGACTCATTCCACTTATCTATGATGAACCACTGCTCTGCTCAAAATAACAGAGGATAACCGTTTATCCTTTTTTCTAACTGTCATAGATCACTTCCCTTACATCCCCCGCCCGACGTACAATTACCCTCCCCATTGGTTTCCGACCTCGAGTAACTACTGCGCTAGGAGTGCACTGGTCGTCAGCTGCACACGTCTTCAGGAATATCAGATCCGGGTCAAGGGGTCATCGTCGAGACAGGACGATCTCTTCTCACCGGGTCGATGAAGGTCCATGAAATTATCACCCGCGACCGAATTCTCTAGTATCCCACCTCCCTCGTCTCTTGTCTTTCGTGCGAGTAGGGCGTGAGAAAGAGAATAGGATCCCAAGACGATTTGATAAAACACGCTCTCCAAACCCCGACGAACTACTCCCTACCCCGTCTAACCCTCCCTCCATCGATTGGCTCAGGCCGTCTCTTTCTTTTCTCTGCCCCTTTCCTCTTGACGCTCTCTGCCTCTCTTCTTTGTTATTGTGACACCCCTTTTGAACAGACTAAGAAACGGGAGAACGACCCTTTGTCCCATGTCTACTTCCGCCCCAACGGTGTTTCCCTCCCTCTTCTCCCCCTACACCTTTTTGAAACACGATAGGCAATCGTTCTGGAAAACTAAATCCGTGATCACACGAGTGGTTCTTGAGGACAGAAAGAAGTCGTGAGAACTAGAAAACTCGCGCTGTATTTAGCTCCACGTTCTTCTCTCCTTTTAGAGGTCCATGGATGTCCAGTCACGTTCCCACGTTAACGAAGTCCAGGGAAACCCACCCCCATCCTCACACCTTCTGTGGTTTCGTGTAGGGTCCCCGCAGTGCCGACGGAGGGTAGGCCTAATTCGTGTCTTCCGGGGACGTTTAGGACGACGCCTTTACCCCACTTCCTTCCTTTCCCTCTCCGATTTCTGTAAATTTTCTCTCTCCTCTGGCGACTGGACTGACAACGACCACTCTTCGACTCCTACCCTACTGAACCTTTTCGGGCTTTCCCGCCCTCACAATCTCGGTACACCACTCCCTTCCCAATTAACGAAGGTGCGGCGAGGGTAAAGTCACGATCCTCTCCAAACAACGTCCCGGACGACCCTTTTACCACCCGACCTCGGCCCTGTCCTCTTCTACCTCAACCTCTCGTTCCCCCCCCACCCCCCCCACCTCCTTCCCCACCTCAGTCCTCGAGTCTTGGACTGAACAGATCAATCTTTTGAAAAACCGTTAATTCACTGGACTTTGTTTTCAGTCAGCGATACCCTTGTGTTTTCGAACAGGTAGACGGACTGTGGATCAGCCAAAACAAAGGAACAAAAATAGGGGGATCCTAATTAAGTAATTCTTTTATTAGTTG
1648,chrX,53114406,53116405,-,62164,uc009tet.1,0.76821720744,2,0.38410860372,"1612,1847;742,1562;",1,GTAGGTCCTCAGTCGACGAGATCTGGCACTGAGGTCGAGGAGGCAAATGATGGACAAAGTGGATCTCCTTCAAGTAGATGGTGGGATATGGGGAGTCAAAGGTTCAGACATTTTATCCTTCATCAGTATCGTGTCATCTCATCACCCCAATTTATAGTCTCCTCGCTCACTACTCGAATGTTGTAACACACTACACGTAGGTCATTACAAGGTTGTCACAGAAGAATAAAACTGGGAACCGGAGGACACAGGTCTCTACCTGTCGTCTTAAACATTCCAATGTAATGTGTCGAGACACGGGGAAAATTCTCAGAGTCACCGGAACCTGTTGAGACACCAGCGTCTGTCGCACACACACGAAGACCTTATGCGCTCAAAGGAAAAGGGACACTCGACTGTAATTCAGACACTCAGTGACGGTCACTGGTTTTCTTGTCTTTTAAGAGAGTCTACTCCCCTCTTTCACACCGGTAACTTTGGACTCGGTATTCATTAACAGAGGGTGTAAACGTCTCCTAAATTGTCTTACGTCCGAACTTTGAGAATCAACGTCTTCATCAAAGATCTTTTCTTGCAAGGGACCCCCAAGAGGGACAGATCCCTTCAACCTTTCTTTTTTTCTGGTACCAGTCTGGGTCCCTTCTACAAAGTTGTGTCCACCCTTTTTACGACTCCCTCTAAGGGTTTTGGCCAAGACGTCGCCAAAGGATCCATTTGATCCCCTTTCTCATCGATCGGTAGACGGGGTGTGTCTACCGGTGGTCTCGTCCTTCTTGGAAATCTTTACTAGAATAGGATCGGAGGCTAAATTTCTACACTTAGATTTTGGACCTCTCTCCCCTGTTAACGGGATAGCAGGATATCGTTTAATAACTGTTTCGGTCCTAAATTTCTGATTCGGTTTCTAGTATGGCGTCGTGGTCTCACCAGAGAATTTCCATGTGTCTGGCGCCAGAGATGAGTAAAACCTTACGAGACATCGTGTTTGTATGATTTTTCATTAACTCCGGGTGGGTCTTCCTGACCTTTCCATAACTCGTCACGGGTTTAACGTTAAGGAGATCAAATAGGCAGGCTAAACCCTCGAGGCCGACAGTTTCGCAAAGTCGGTTTCATGAGGAGTGAATTGATTGACCAGAAAAATTGAATGGTAACCTTTCGTCGAGACCAATTTCGGGTCGTACGACTGAGTCGGGTACATCATTCCTACTGATTTGTGTTCTTAAAGGACACCCCCCTACCTTTTATAGAAAGTCTACGTAAACAAAGTCCCCTTGGAAAGACTAGTCAGTCCTCGATCGGGTGACACCCGGACACTCCTTTTCGTCGTCCGACAGGGACGCGACGTGGTTCCGTTGTAAACGTCTACAAAGGAAAGAAAGAAAGATTTGTTAGAGCACCGAACTGAGCCGTGGTAAAACCAGACCGGTCGTAAACGTGTCCCGAGGTAGACGGTTGACCATCTCTGGTTCCGTCTCTCCTCGGCTACAGAGGGGACTGACTTCCCCGAAACGTGTTAGCGGACGGACGAGTCTCCGGAAGGGGGGGTCCCCACTTGACCTCGACCAGACGAAATAGAGTTCCGTCAACGTCAAGACTCGGGTGGAACTTAGTAATGCCACTCGCTAGACGTTTGTTACAGTCGACCGAAGAGAGAGGTCCCACGTGAGACCCCTAAGCGTTGGACCTCACTACAATAGTTACAAGTCCAGGCTTAGGGTGTGTCTGTAACCTGTTGAAATCCTGTCCGTGTAACTGGAGGTCACCCTAACGAGTGGTCGAATTCCGTAATTAGGTCACTCAGGTTTTAAACTTATTTATAAAGTTCTGAGAACCGATTCTCCCTCGGACGGAACGAGTTAATCCTCCAACCTCTGTGGACCACGTAAACCCGCGGTGTCCAAGCGAAACGTCGAACTCTCAACCCTTTCCCCCGCCCTTTTTCCTCTCCCGCTCGTATGAGGACCTTCCGTATATATCTTGACCTCTCAAGTCCTTAG
2014,chrX,102644247,102646246,-,62530,uc009tyr.1,0.74137552061,2,0.370687760305,"811,882;225,435;",,GTTGTACCTTCTAGTGTGAAGGTTGATCAATTAAAAATACACAGAAGTAAAGAGGTGGAGATTCTATCCAAATTAATAATTATGTAAAGTTACTTTGGGGGATAAAACATGTTGATTATATATAATTAGTCTTCAAATAGATGAATTGTCCCGGTAATATATTCCATATATTATTTTTAAGGTTGAATAATTTCCCTCTTTTACATCACAAGCCCAATTGTATTCGACAATGTCAAAACAAAGAGTTATAGTTTGTCGTAGGACCAAAAGTACGTGGTTCGAGAACACTCCATCAGTCGTACTCAGTCGGAGGACCCAGAATGACCAAGACCCTGTGACTCGTCTAGTTCAAAGATTCTGATGTTCTGACTTTCAGATTTAACCTGGTTCCTATTTTCGTGGTCCCGTTACGGTCGGTTGTCCCAGACGACTATCGGTCGATCGATAGTAAGAATCACTACGGTGTGGAGACGGTAAGGATTAGGTCAGTACGATAGTACTCCACTTCCCTCCAGATACGTATTCCTTATATTTCTCATCTTTCTTCTATCACCACACCCCTTAATACTAAAGTTATAAAATAAAGTGGAAAAACATAAAACGTTAAAAAGAAATTACTAGTATATGATGAAATTACAAACTTTTACACGAATTTATAGTTCCACTTCTTTTTGATCTGCTGTCTGTGAACTTCCCCTGGTCCCATCTCTTTTTCCAAAGACTCGGATATCAGACTCACTCCCGTTCTATAGTCCCTCAATCCCCGTATCCGTCCTCCCACAAGAGAGGTTTGGCTTGAGGGAAAGGGTCACATGATTCCTGTACTTCACGACATGACCGGTCGGTAGCGTAAACGCATCCAACACTGACGTTACCCTTTGATAAACGACCTCTTCAGGCACGGTGACACAACTTGACGTAGTAACTGACCGACAAGTTGGACTCGTGAACTCGTGAGTGGAAAGTAGTGGTAATAGTCTATAAGTGATCAGTGGAAGGTTCCACGGACTGATATGCGATATGACGGACTCCTTCTTCGACGTCGTCTCTGTTTCCACCGTCACCGCGTCTCCGTCGAACATTCTTCTCTTCTTTGAATCCTCTCCTTTTTTTTTTATCTTGCTTTTACGTTTTAGTGACACCCGTCTCACTCCACCGGTTCCTTCCGAATCTAAATCTTGAACTTTCCAGTTCTCTGTCAGAATAAGAGAATGGGCCGTTTAGTCTTTCGTCCACCATGAGGACGACTCGGGTCTTCTTCAAACCCTCCCGATACTCATTTCCAATCCCCAACCCTGTCATCTCGAGCCTTCGTATTCGGGAAACCCCTGGCGGACGGTCTCCGTCTAAGGAGTTCGAGGAGTGACATAGGAGCCGTCGGAAGAAGGGGTCGGGAGGAGTCAGTGAAATTAAAGTCGACTTACAAACAAGAAACCCGGATCAGTGGATATGAAATGCTCCTTCGAAAGGTTTCGTCTATTGAGGGTGACAGTCGACAGGGTAGTTCTCGTGGGAGTCGGTGACGAACCGAGGGATAAGACGAGAGTCGGACGGACTGTGAACGAAGGAGTTTCGAGGGATTGGCGACGCCTAAGCGCGTAGAAATTCCTCCTCGATTTCTTGAGGAATCCCTCGACCCCCAAAAACAAACACACAAATAAACCAACCAACCAACCAACCAACCAAAGTCTCACACCGCGAATTAGGCTGAAAAACGAGGACTTCTAGGCCTTTACCTTAGCAAGTCAGGGTCAGAGAGTCAAAACTTCTCAAGGACTCCCAAGGATTTTGATCAGGAAGTCTTCATTCTCGTTGTCGGACACGCGTGTTGGCACGTTTTAATTTTATCAGTGAACATCACAAAGCTTTTATTGAGGGGGCCCCCCCGCCCCTCTCGTGTCGCGGAGCCCGCTGTGTAAGACCCGCCTCCCACCGCCCGATGACCGGGCACCCGCATCGCGCGTCGACGTCCTGGGTGCGGGGCGGGGGCGTGCGAGCGG
2015,chrX,102644247,102646246,-,62531,uc009tys.1,0.74137552061,2,0.370687760305,"811,882;225,435;",,GTTGTACCTTCTAGTGTGAAGGTTGATCAATTAAAAATACACAGAAGTAAAGAGGTGGAGATTCTATCCAAATTAATAATTATGTAAAGTTACTTTGGGGGATAAAACATGTTGATTATATATAATTAGTCTTCAAATAGATGAATTGTCCCGGTAATATATTCCATATATTATTTTTAAGGTTGAATAATTTCCCTCTTTTACATCACAAGCCCAATTGTATTCGACAATGTCAAAACAAAGAGTTATAGTTTGTCGTAGGACCAAAAGTACGTGGTTCGAGAACACTCCATCAGTCGTACTCAGTCGGAGGACCCAGAATGACCAAGACCCTGTGACTCGTCTAGTTCAAAGATTCTGATGTTCTGACTTTCAGATTTAACCTGGTTCCTATTTTCGTGGTCCCGTTACGGTCGGTTGTCCCAGACGACTATCGGTCGATCGATAGTAAGAATCACTACGGTGTGGAGACGGTAAGGATTAGGTCAGTACGATAGTACTCCACTTCCCTCCAGATACGTATTCCTTATATTTCTCATCTTTCTTCTATCACCACACCCCTTAATACTAAAGTTATAAAATAAAGTGGAAAAACATAAAACGTTAAAAAGAAATTACTAGTATATGATGAAATTACAAACTTTTACACGAATTTATAGTTCCACTTCTTTTTGATCTGCTGTCTGTGAACTTCCCCTGGTCCCATCTCTTTTTCCAAAGACTCGGATATCAGACTCACTCCCGTTCTATAGTCCCTCAATCCCCGTATCCGTCCTCCCACAAGAGAGGTTTGGCTTGAGGGAAAGGGTCACATGATTCCTGTACTTCACGACATGACCGGTCGGTAGCGTAAACGCATCCAACACTGACGTTACCCTTTGATAAACGACCTCTTCAGGCACGGTGACACAACTTGACGTAGTAACTGACCGACAAGTTGGACTCGTGAACTCGTGAGTGGAAAGTAGTGGTAATAGTCTATAAGTGATCAGTGGAAGGTTCCACGGACTGATATGCGATATGACGGACTCCTTCTTCGACGTCGTCTCTGTTTCCACCGTCACCGCGTCTCCGTCGAACATTCTTCTCTTCTTTGAATCCTCTCCTTTTTTTTTTATCTTGCTTTTACGTTTTAGTGACACCCGTCTCACTCCACCGGTTCCTTCCGAATCTAAATCTTGAACTTTCCAGTTCTCTGTCAGAATAAGAGAATGGGCCGTTTAGTCTTTCGTCCACCATGAGGACGACTCGGGTCTTCTTCAAACCCTCCCGATACTCATTTCCAATCCCCAACCCTGTCATCTCGAGCCTTCGTATTCGGGAAACCCCTGGCGGACGGTCTCCGTCTAAGGAGTTCGAGGAGTGACATAGGAGCCGTCGGAAGAAGGGGTCGGGAGGAGTCAGTGAAATTAAAGTCGACTTACAAACAAGAAACCCGGATCAGTGGATATGAAATGCTCCTTCGAAAGGTTTCGTCTATTGAGGGTGACAGTCGACAGGGTAGTTCTCGTGGGAGTCGGTGACGAACCGAGGGATAAGACGAGAGTCGGACGGACTGTGAACGAAGGAGTTTCGAGGGATTGGCGACGCCTAAGCGCGTAGAAATTCCTCCTCGATTTCTTGAGGAATCCCTCGACCCCCAAAAACAAACACACAAATAAACCAACCAACCAACCAACCAACCAAAGTCTCACACCGCGAATTAGGCTGAAAAACGAGGACTTCTAGGCCTTTACCTTAGCAAGTCAGGGTCAGAGAGTCAAAACTTCTCAAGGACTCCCAAGGATTTTGATCAGGAAGTCTTCATTCTCGTTGTCGGACACGCGTGTTGGCACGTTTTAATTTTATCAGTGAACATCACAAAGCTTTTATTGAGGGGGCCCCCCCGCCCCTCTCGTGTCGCGGAGCCCGCTGTGTAAGACCCGCCTCCCACCGCCCGATGACCGGGCACCCGCATCGCGCGTCGACGTCCTGGGTGCGGGGCGGGGGCGTGCGAGCGG
2016,chrX,102644247,102646246,-,62532,uc009tyt.1,0.74137552061,2,0.370687760305,"811,882;225,435;",,GTTGTACCTTCTAGTGTGAAGGTTGATCAATTAAAAATACACAGAAGTAAAGAGGTGGAGATTCTATCCAAATTAATAATTATGTAAAGTTACTTTGGGGGATAAAACATGTTGATTATATATAATTAGTCTTCAAATAGATGAATTGTCCCGGTAATATATTCCATATATTATTTTTAAGGTTGAATAATTTCCCTCTTTTACATCACAAGCCCAATTGTATTCGACAATGTCAAAACAAAGAGTTATAGTTTGTCGTAGGACCAAAAGTACGTGGTTCGAGAACACTCCATCAGTCGTACTCAGTCGGAGGACCCAGAATGACCAAGACCCTGTGACTCGTCTAGTTCAAAGATTCTGATGTTCTGACTTTCAGATTTAACCTGGTTCCTATTTTCGTGGTCCCGTTACGGTCGGTTGTCCCAGACGACTATCGGTCGATCGATAGTAAGAATCACTACGGTGTGGAGACGGTAAGGATTAGGTCAGTACGATAGTACTCCACTTCCCTCCAGATACGTATTCCTTATATTTCTCATCTTTCTTCTATCACCACACCCCTTAATACTAAAGTTATAAAATAAAGTGGAAAAACATAAAACGTTAAAAAGAAATTACTAGTATATGATGAAATTACAAACTTTTACACGAATTTATAGTTCCACTTCTTTTTGATCTGCTGTCTGTGAACTTCCCCTGGTCCCATCTCTTTTTCCAAAGACTCGGATATCAGACTCACTCCCGTTCTATAGTCCCTCAATCCCCGTATCCGTCCTCCCACAAGAGAGGTTTGGCTTGAGGGAAAGGGTCACATGATTCCTGTACTTCACGACATGACCGGTCGGTAGCGTAAACGCATCCAACACTGACGTTACCCTTTGATAAACGACCTCTTCAGGCACGGTGACACAACTTGACGTAGTAACTGACCGACAAGTTGGACTCGTGAACTCGTGAGTGGAAAGTAGTGGTAATAGTCTATAAGTGATCAGTGGAAGGTTCCACGGACTGATATGCGATATGACGGACTCCTTCTTCGACGTCGTCTCTGTTTCCACCGTCACCGCGTCTCCGTCGAACATTCTTCTCTTCTTTGAATCCTCTCCTTTTTTTTTTATCTTGCTTTTACGTTTTAGTGACACCCGTCTCACTCCACCGGTTCCTTCCGAATCTAAATCTTGAACTTTCCAGTTCTCTGTCAGAATAAGAGAATGGGCCGTTTAGTCTTTCGTCCACCATGAGGACGACTCGGGTCTTCTTCAAACCCTCCCGATACTCATTTCCAATCCCCAACCCTGTCATCTCGAGCCTTCGTATTCGGGAAACCCCTGGCGGACGGTCTCCGTCTAAGGAGTTCGAGGAGTGACATAGGAGCCGTCGGAAGAAGGGGTCGGGAGGAGTCAGTGAAATTAAAGTCGACTTACAAACAAGAAACCCGGATCAGTGGATATGAAATGCTCCTTCGAAAGGTTTCGTCTATTGAGGGTGACAGTCGACAGGGTAGTTCTCGTGGGAGTCGGTGACGAACCGAGGGATAAGACGAGAGTCGGACGGACTGTGAACGAAGGAGTTTCGAGGGATTGGCGACGCCTAAGCGCGTAGAAATTCCTCCTCGATTTCTTGAGGAATCCCTCGACCCCCAAAAACAAACACACAAATAAACCAACCAACCAACCAACCAACCAAAGTCTCACACCGCGAATTAGGCTGAAAAACGAGGACTTCTAGGCCTTTACCTTAGCAAGTCAGGGTCAGAGAGTCAAAACTTCTCAAGGACTCCCAAGGATTTTGATCAGGAAGTCTTCATTCTCGTTGTCGGACACGCGTGTTGGCACGTTTTAATTTTATCAGTGAACATCACAAAGCTTTTATTGAGGGGGCCCCCCCGCCCCTCTCGTGTCGCGGAGCCCGCTGTGTAAGACCCGCCTCCCACCGCCCGATGACCGGGCACCCGCATCGCGCGTCGACGTCCTGGGTGCGGGGCGGGGGCGTGCGAGCGG
55,chrX,7821759,7823758,+,60571,uc009sms.2,0.50520037529,2,0.252600187645,"78,264;327,949;",,AACCCCACAAGCAAAGTGTGCTTTAGAAGTAGGGCCCTGACCTGTGCTCTCCCTCCAGAGCAGATCTGGAGGCCTGGTCATCTAAAGAAACATCCACACTAGTCCCCCCTCCCCCACTTCTCCCCGCCTTTCCACAGCCTGGGGGCAGGGAGGGGACACAGCACTGCATCATTCCCCGTGGCACTCCGCTCTGGGGCCATTAACAGACGCCTTCCCATCGATTGGTTCTGCTAAGTGCTGCTGATTCAGACGGGTGGGGGTGAGGGCCCCTAGGGGCAGTGGGGGTAGGAACTGGGCAGAAAAAAGGGGGGAGTCCAGGAAGTAGGAGGTGGGGAGAACTGGCAAAGTTCCCTGCCACCCCCATTTTCCAGATGACACGACTGAGGCCCAACCAGCTCTGTAAGGAGGCGGAGTTTCCCCAGGGTCCCTCTCAAGCTGTCCTAGGGGAGGGGGCTCTGGGAGCCACGTGGCCCCTCCCTGCCTCTCGCTTCATCTCCCGACAAGCTCCAGAGGGGCGGGGAGAGAACGCTGGAGGAGGAGGAACTCCGGCAGCTCTGCAGAGGGGGCCAGGAGCTCCGGTATTTGGTACCCCCAGCCCCAACGCTGTTGCTGCTGCTGCAGCGGGGACACAGGTGAGGACAGCCCTGTGGGGCGAGGGAGGGACCCATCAATAGCTCTGTCCTTGTCTTTTCCTGGTCCAGTCCCCATGCCCTAGTCCATCCTGGAACAGTCCCCAGGGGTCCCACTGGACCTTGTCCTTCTAGAGCCTCCTTCCAAGGACCCAGAAGCCTCCTCCCCCTGTCTCCCACCCCGCCCCCGCTTGTGCCACCTTTCCCTCCTAGGCCTGGCTGTGGCTGCTCTCTTCCTCCTCCTCCTCCTCCTGCTGCTACTGCTGCTGTTATTGCTGCTGCTCCCACTGCTGCTACTGCTGTGGCTGGGCACACACAGCCAGTTCCTCGGTGTGTGTTTACCTCAGACCTGCGCTCAACGAACGGTGGGACCCAGCCTTCTCCTGGTCTTCTCTACCAGCATCCTGCAAGGTTCAGCCGCCCCTCTCCCGGAAGACACACCCAACTTTCTTCCAATACCCCGCCCCCTCTCCAACCTATTTTGAGGGAATCCCCTCCTCTTAGCAGTCTTTTGAGTTTCCCTTGTGTGCTTAGGGGGCTATATCCAACTTGAGTACACTTGAGTATCAGCCCTTTGGGGTTCCCCAGACTCCCCGTTCTCATCCAGAGCTCTTCAGATATGGACCAGGCTTCCTAAGCTCCTCCAGGTAACCTCTCGCCGGCTTCTTAAAAATAAGCCAGTCCCATATAGCACTTTAGCGATCCTGAGCCCTAATCCTCACGTCTCCTACCTTCCCTAGAACTCCTGTAGATTGTAGTTAATACCCTCCAGGCTCTCCTTGGTAGTGCCAGTCACTCCTGAGATACTTTTTAGCATCTTTTACAACCTCCTGGCTCTAGAGCTACCCTTGAGATGCTCCAGTCCCCTTTTGTGATCTACAAGGGGGCTCCAACCCAGGGATCATTTCCTGTAAGTCTTCTGGGTGTGGACAGCCCTCCCTTCAGCCTTTTCCAAACAGCTCTGGTTCCATCTCCACCGCTCTGAATGCCCCTACCTGTCTCCTCTCCAACCCAACTGAGGGATTGCAGGCCGTCCTTTACTGAGAACTCTTGAGAGTGCACAACTCCCAACCTAGTTCTTGGTCCCTCTGGACACCCTCAGACAACTCTCAGGAATGTGTTGCGTCCTCTAGAATCATCTCAGACTTTCTAGACCTGAGGATCCTTCTTGGTTCCTCTGGCTCGTCAAAGCCTTCTCAGTCCCTTAGAAAGCTCCCCCAAGCCCCCTAAGTTCCTGTCTGTCTCTCTAGTTCCTCCTCCTGGTTCCTCTTGGTCTTTCCTTTCTCTCTCTCTCCCCCTCCCCATACACACACACACACACACACACACACACACACACACTGGTTTCCTTTTCTGGGTAGCCCAAGGTCT
801,chrX,108832478,108834477,+,61317,uc009uco.1,0.5,1,0.5,"306,788;",1,GTTTACTGATGAATTAATTAGCTATTTTTTAAGATTAGAAATATATAACAATGTTTTTATTCAGTAACCCATTATCTAAAGATGAACAATCTTGGAATTCACTCAGTAGTCCTCAGTATTTTTATTTATGTAGTTTTTCTCACTTATGAGTCAGTTCCCCTTCTGAATTCCTTCTCCCCTCCACTCTAAAAAGAAAAAAAAAGAAAGAAAGAAAAAGGAGAAAGAGAGAGAGAGAGAGAGAGAGAGAGAGAGAGAGAGAGAGAGAGAGCTAGAAAAAAAAAAAAACACCCAAGCCTGGCCTCAGTTCCCGTATTTCAAGCCAGGACCAACCAGAAACCAGTTTTCTTCCACTAATCCGGAACTCCGGGCTGTTACCAACGCTGTCATTGGCCAGCGTCAGTCCTTGGTACGTGCCCCAAGATAACCCCCTGGTTTCTGTCCCTTATCCCCCTACAATGGGCCTTCTCCGCTGTTTGTAACACAGTCCTAAAGCACAACACAGCACCTCTGAAAACCAACTCACATTCTTCAAAGTTTTGGGGTGAAAATAAGCAAGGCTAGAGCAGGGCAAGGTACCCTTTCCGACACGCTGGGAGGGGGAAGGGGCAGTCCTTCGAACACCGAACAGCAGGCTCGGGGAGCTCTAAGGGCTGAAGGGCCAGGGGCGGTTGGGGGCACAAGGTGGGGAGGGAGTGGAAAAAGAGTTGGGCTAAGTTGAAACGAAAAGTTTACTAACCAGATCCTCGAAGCTTCTTCGGTGCTCTTTCCCTTCCCAGTCTAAGCGGCGCGGAATCAGCTGGGGGCCGGAGGAAAAGAAAAGGGGGGGGGGTGAAGGAAAAGCCTCTGCTCCCCAGCAGCAGCACCCAGCCTGGAGCCTAATCCTAGACCCTTTAACATTTTCATTTCTCCAGTCCCGACAGCTACTGCCGCTGTGCCGGGGGTTGGGGGTGGGGGGGGGCAGGCCAAAGGGAAGGAAATCCTGAAAAAACACCTCCCGCAGGAATAAAAGGCAGCGAGTTTAGACCCCTGCGTTGTCCGCCCCTTCTAAGCAAAGAACCCGATTTACCCCAAGTGACAACAGCCCCAAGTGTCCAGCTCGAAGGCTCCCTCCGGGCCCCTGCCCTCGGCCCCTGACCTACCTTACCCTTCCTCCAGGTTCTCCCCAGCCCTCCCCACCTCTTCCCAAAAGGGGTCCATACCTGATGCTCTTCGAGCTCTTGCACTAGCACCTGGGGAAGAGGGACACAGGGATGTGAAAGCAGATTGGGGCGCCAACCCATTCCTCCCTCCCCACTTCCAACACAGCCGCTGACTGTAGGAGTAATCGCGGCCGGCCTTTCCCTCACCCTCCAACTGCACTGCTCACCCAGTGCCTCAATTTCCCCAATGGGACCATTCCCCAACACTCCCAGATATCCTTTCCCTCTCACCTGAGCGGATTTGTTACAGGGTCCGGACTGCAAGAACCTTGCGATCAGGTAATACAGCTCTAAAGAAGGGGTTGGGGGTGGGGGGAGACGTTGAGAGAGAGGCAAGGAAAAGAGATACAAGCTTTTTAAAAAAAATCTGACAGCAGTCGCGCAAAGCCCCCATCCCTTTTGCCCCCGGCTCAGCTACCCACCGGCTTCGATCTGGGTAGGTGCCGCCGCCATCCTTTTCCCGAGGGGGTTTGGGGGCTTCGCTCAGGAGGGCTGGCGGGGGCGGGTGGGGGCGCTGCCTCTATTGTGGTGAAGCCCCCATGCTTGGGAGTCCCGCCGCTTCCGCCGCACTCTTCGTCCCAGTTTCGGTCTCTCTCGGATTCATCGCATCACGTTTCGACCCATAGATATTCTAGCCCAAGAGCTGAGGAGGCGGAGGAGGAAGGAGAGCAAGAGAGAAGGAGAGGGAGGAGCTGAAGTCGCCGAGGGGTGGGCGGGGGGAGAGGGGTGGGCGGGGGGAAAGGGGTGGAGCCATAGAAAGAAGGAGGGGGGAAAAGGGAAGGGAGCCGCTTGCAAAGCTCC
802,chrX,108832657,108834656,+,61318,uc009ucp.1,0.5,1,0.5,"127,609;",,TCCACTCTAAAAAGAAAAAAAAAGAAAGAAAGAAAAAGGAGAAAGAGAGAGAGAGAGAGAGAGAGAGAGAGAGAGAGAGAGAGAGAGAGCTAGAAAAAAAAAAAAACACCCAAGCCTGGCCTCAGTTCCCGTATTTCAAGCCAGGACCAACCAGAAACCAGTTTTCTTCCACTAATCCGGAACTCCGGGCTGTTACCAACGCTGTCATTGGCCAGCGTCAGTCCTTGGTACGTGCCCCAAGATAACCCCCTGGTTTCTGTCCCTTATCCCCCTACAATGGGCCTTCTCCGCTGTTTGTAACACAGTCCTAAAGCACAACACAGCACCTCTGAAAACCAACTCACATTCTTCAAAGTTTTGGGGTGAAAATAAGCAAGGCTAGAGCAGGGCAAGGTACCCTTTCCGACACGCTGGGAGGGGGAAGGGGCAGTCCTTCGAACACCGAACAGCAGGCTCGGGGAGCTCTAAGGGCTGAAGGGCCAGGGGCGGTTGGGGGCACAAGGTGGGGAGGGAGTGGAAAAAGAGTTGGGCTAAGTTGAAACGAAAAGTTTACTAACCAGATCCTCGAAGCTTCTTCGGTGCTCTTTCCCTTCCCAGTCTAAGCGGCGCGGAATCAGCTGGGGGCCGGAGGAAAAGAAAAGGGGGGGGGGTGAAGGAAAAGCCTCTGCTCCCCAGCAGCAGCACCCAGCCTGGAGCCTAATCCTAGACCCTTTAACATTTTCATTTCTCCAGTCCCGACAGCTACTGCCGCTGTGCCGGGGGTTGGGGGTGGGGGGGGGCAGGCCAAAGGGAAGGAAATCCTGAAAAAACACCTCCCGCAGGAATAAAAGGCAGCGAGTTTAGACCCCTGCGTTGTCCGCCCCTTCTAAGCAAAGAACCCGATTTACCCCAAGTGACAACAGCCCCAAGTGTCCAGCTCGAAGGCTCCCTCCGGGCCCCTGCCCTCGGCCCCTGACCTACCTTACCCTTCCTCCAGGTTCTCCCCAGCCCTCCCCACCTCTTCCCAAAAGGGGTCCATACCTGATGCTCTTCGAGCTCTTGCACTAGCACCTGGGGAAGAGGGACACAGGGATGTGAAAGCAGATTGGGGCGCCAACCCATTCCTCCCTCCCCACTTCCAACACAGCCGCTGACTGTAGGAGTAATCGCGGCCGGCCTTTCCCTCACCCTCCAACTGCACTGCTCACCCAGTGCCTCAATTTCCCCAATGGGACCATTCCCCAACACTCCCAGATATCCTTTCCCTCTCACCTGAGCGGATTTGTTACAGGGTCCGGACTGCAAGAACCTTGCGATCAGGTAATACAGCTCTAAAGAAGGGGTTGGGGGTGGGGGGAGACGTTGAGAGAGAGGCAAGGAAAAGAGATACAAGCTTTTTAAAAAAAATCTGACAGCAGTCGCGCAAAGCCCCCATCCCTTTTGCCCCCGGCTCAGCTACCCACCGGCTTCGATCTGGGTAGGTGCCGCCGCCATCCTTTTCCCGAGGGGGTTTGGGGGCTTCGCTCAGGAGGGCTGGCGGGGGCGGGTGGGGGCGCTGCCTCTATTGTGGTGAAGCCCCCATGCTTGGGAGTCCCGCCGCTTCCGCCGCACTCTTCGTCCCAGTTTCGGTCTCTCTCGGATTCATCGCATCACGTTTCGACCCATAGATATTCTAGCCCAAGAGCTGAGGAGGCGGAGGAGGAAGGAGAGCAAGAGAGAAGGAGAGGGAGGAGCTGAAGTCGCCGAGGGGTGGGCGGGGGGAGAGGGGTGGGCGGGGGGAAAGGGGTGGAGCCATAGAAAGAAGGAGGGGGGAAAAGGGAAGGGAGCCGCTTGCAAAGCTCCAGGCTGGCCGCCAGAGGCACTAAGGCGGCCGCCTAGTTCCAGCAGCTAAGCCGGCCTGGGGTTGCCTAGTTACTGCCCAGAGAACAAGGAAGAGGTTCTAAATGCAGGCAGACGCTCTGGCAATCTTCGTCAAACTCTGTGGTGGCGTTGGCGTCCTAGAGCTCCGGAGTTGCTTACCC
803,chrX,108832657,108834656,+,61319,uc009ucq.1,0.5,1,0.5,"127,609;",1,TCCACTCTAAAAAGAAAAAAAAAGAAAGAAAGAAAAAGGAGAAAGAGAGAGAGAGAGAGAGAGAGAGAGAGAGAGAGAGAGAGAGAGAGCTAGAAAAAAAAAAAAACACCCAAGCCTGGCCTCAGTTCCCGTATTTCAAGCCAGGACCAACCAGAAACCAGTTTTCTTCCACTAATCCGGAACTCCGGGCTGTTACCAACGCTGTCATTGGCCAGCGTCAGTCCTTGGTACGTGCCCCAAGATAACCCCCTGGTTTCTGTCCCTTATCCCCCTACAATGGGCCTTCTCCGCTGTTTGTAACACAGTCCTAAAGCACAACACAGCACCTCTGAAAACCAACTCACATTCTTCAAAGTTTTGGGGTGAAAATAAGCAAGGCTAGAGCAGGGCAAGGTACCCTTTCCGACACGCTGGGAGGGGGAAGGGGCAGTCCTTCGAACACCGAACAGCAGGCTCGGGGAGCTCTAAGGGCTGAAGGGCCAGGGGCGGTTGGGGGCACAAGGTGGGGAGGGAGTGGAAAAAGAGTTGGGCTAAGTTGAAACGAAAAGTTTACTAACCAGATCCTCGAAGCTTCTTCGGTGCTCTTTCCCTTCCCAGTCTAAGCGGCGCGGAATCAGCTGGGGGCCGGAGGAAAAGAAAAGGGGGGGGGGTGAAGGAAAAGCCTCTGCTCCCCAGCAGCAGCACCCAGCCTGGAGCCTAATCCTAGACCCTTTAACATTTTCATTTCTCCAGTCCCGACAGCTACTGCCGCTGTGCCGGGGGTTGGGGGTGGGGGGGGGCAGGCCAAAGGGAAGGAAATCCTGAAAAAACACCTCCCGCAGGAATAAAAGGCAGCGAGTTTAGACCCCTGCGTTGTCCGCCCCTTCTAAGCAAAGAACCCGATTTACCCCAAGTGACAACAGCCCCAAGTGTCCAGCTCGAAGGCTCCCTCCGGGCCCCTGCCCTCGGCCCCTGACCTACCTTACCCTTCCTCCAGGTTCTCCCCAGCCCTCCCCACCTCTTCCCAAAAGGGGTCCATACCTGATGCTCTTCGAGCTCTTGCACTAGCACCTGGGGAAGAGGGACACAGGGATGTGAAAGCAGATTGGGGCGCCAACCCATTCCTCCCTCCCCACTTCCAACACAGCCGCTGACTGTAGGAGTAATCGCGGCCGGCCTTTCCCTCACCCTCCAACTGCACTGCTCACCCAGTGCCTCAATTTCCCCAATGGGACCATTCCCCAACACTCCCAGATATCCTTTCCCTCTCACCTGAGCGGATTTGTTACAGGGTCCGGACTGCAAGAACCTTGCGATCAGGTAATACAGCTCTAAAGAAGGGGTTGGGGGTGGGGGGAGACGTTGAGAGAGAGGCAAGGAAAAGAGATACAAGCTTTTTAAAAAAAATCTGACAGCAGTCGCGCAAAGCCCCCATCCCTTTTGCCCCCGGCTCAGCTACCCACCGGCTTCGATCTGGGTAGGTGCCGCCGCCATCCTTTTCCCGAGGGGGTTTGGGGGCTTCGCTCAGGAGGGCTGGCGGGGGCGGGTGGGGGCGCTGCCTCTATTGTGGTGAAGCCCCCATGCTTGGGAGTCCCGCCGCTTCCGCCGCACTCTTCGTCCCAGTTTCGGTCTCTCTCGGATTCATCGCATCACGTTTCGACCCATAGATATTCTAGCCCAAGAGCTGAGGAGGCGGAGGAGGAAGGAGAGCAAGAGAGAAGGAGAGGGAGGAGCTGAAGTCGCCGAGGGGTGGGCGGGGGGAGAGGGGTGGGCGGGGGGAAAGGGGTGGAGCCATAGAAAGAAGGAGGGGGGAAAAGGGAAGGGAGCCGCTTGCAAAGCTCCAGGCTGGCCGCCAGAGGCACTAAGGCGGCCGCCTAGTTCCAGCAGCTAAGCCGGCCTGGGGTTGCCTAGTTACTGCCCAGAGAACAAGGAAGAGGTTCTAAATGCAGGCAGACGCTCTGGCAATCTTCGTCAAACTCTGTGGTGGCGTTGGCGTCCTAGAGCTCCGGAGTTGCTTACCC
2206,chrX,139782354,139784353,-,62722,uc009ukk.2,0.5,1,0.5,"952,1347;",1,TTAGTTATTGATTTTTTTTTTCTCACTTTTCGTATTCCAACTCTTTATAGGGAATCTTGATTGGGCAAAACTATTCCTTTTGTACACCTTACATGTCTTACGTGTCGTCTTTTACGACAAGTCAAAAGAAGATCCATTTTCTTTCCTATTTCTTGTATAAACACAACATTTTTGTATTTACAGTACAAAAAGTACTTGACTCTTCAATACGTCGGATATAAGTGGTACGGAAGGTCTAGTCGGGGTGCAGGTATCATTGAGTTGAAACACAAGAGTAAGTAAATATGAAAAACCCACCTTTAACAAAGTTTTGTAGTACTATATTATTTCCTCCATTTTGAAGCGGAATGAGAGAATGAGGGTCTCGGTTGTCAACGTCGTAGGAAGGGAGATTGAAAAATTAAAAAAAAGACACGTAAGACATGTAAGGTGTAAAAAAGGAATAGTTTACCCTAATAGGATTCCCTATAAAAGCTTTGAACGCTACAAAAAGTGAGAACTTGTGTGACCGACAAATGCGTAAGAAGGTGGTCTTGTAAGAAGGTGGTCCTGTCAAAATTATACTTCAGCAAAAGAAAGAAAAAAGAAAAAAAGGGAGAAAGACCCTTATCCCCAACTTCGGACGACACACAAACGAGATGGTGTCTCGGTATAGAAATCGAGACAGGAATTGAAAAAAAAGAAACGACATGTCTAGACTTATTCCAGCCTTCAGTACGACTCACCGCTAGTCACCCCAGAGGTATTCTTTGGGTACCTGTTTTAAGCAGTGTCGTAAATCGTAGGTCGAAAGTGTTCGAACACGTAACTACTGTACTAAAACTGATAGACGAATCATACACTAATGTTCTAACCGGTGTTAATTATTTAGATTACCCAAAGGATAATAACCTGTGACTCCAACAAAGATTAAAGACTGGTAATGTTCGGTCCGACACTACTTATAAACTCTGTGATTCAGACCCGTCCACGACCGGTGACTCTAGTCCTCTTTATAAAAACTTTGGAGATTCGTACTTCACGAACGGTCAACAACATTGACCTTCGCAAAACCGTTTCCGGGTTTTCGACCGATTACGGTTCCTGAGACGGAGTTTGGAAAACCGAGAGATCCCAGTGATCAGTAATGGGTCGAGAAACAGTGTCTCCCAAGTCCAACCGTCCCGGAACCCCTGGGTGACTCGGTCGTGGGAGCAGAGTGCACTCTACTCCGGACCCTACCAGGAAACCGGTCGGTCACGACCCGTCTTGGGAAGATCAGAGGTCGTGGACCCGAGGATTTGATCTTTGACTCGACACCGTAAACCTTAGACGGGACGTTTGAGGGACCCGGGCGAGACGAGGGGTGTGGTGTGGTGAGAGACGCCTCCGCCACCTCCCCGAAATCCTTGAAAACGTTCAGTTAACTCGTCCCTCTCCCCACCCCTCCCTTAACTTTTCTACTGAACTCCAAACGGGTCGTCCTCTGACCTGTCCGGGGTGGGTCTTGGGAAGAAATAGGATTCGGTGTACTGTATGAAGCACCGTCACTGGGGCATAGTCCCTGGTGGACCGTTTAGAGGAACCCTAAACTCGACTTTCTCGACCACTCAGACAGTGAGAAGAAAAGAGTGACCCTTGGTCGAAACGATTTCCGAGAACATAAGTCGGAAGACAGGGTCTGTTCGGACCGACGGAAACCCATGATTACTCTCGGGGAGGAAGGGTGGAACCCAGGACTAGGACGGACCCCTTAAGTGTGTTTACCACACTCTAAATAGGGAAGAAATAAAAGGAATGACTGAACCTCGACATCGTCTGGGGAGTGGAGGAGGGGTCTGGGACAAATGAGTTGACCCTCTCTAAAGTGTGGGTTCTTGTGTCGAGAGAGAGGTTCTAGGGGGAGGGATCTAGAAATGGTCGTAGGGAGTAGGGGGTAGGAACGTAACGGACTTATTAACTACTCAGTTCCGTCCCGAATATTTTCCCAGAGATCCCCTTTTCGGTTTTCTCACGACTTC
946,chrX,136269291,136271290,+,61462,uc033jtn.1,0.4879284822,1,0.4879284822,"553,1098;",1,GCCACACCTCCAAAATCATAGAAAAGTATGACTTCTTTCTGTAGGAACGATTCCAGAATTGTTTTAAAGCATTAGTTGTATTCAGCAAGTGTCCTTTCTTTTTAAAGAAAAAATTGTAACAGACGAGTACAGGGTATTTCAAAACTGACACCCCAAACCTAGAGAAGATATTTTTCTGTGTGATAGTATAAATAGCACTTTTTTTTCTTTTCATTTTGCAGAATGAAGCATATTTTTTTTTTCAAAACTGAAAACTCACCAGCCTTGATAGTGCAAGCCTTTTAACCTTAGCTACAAGGGAGGCTGATGTAGAAGGAATGAAATTCAAGGGCAGCCCCAACAACATAGACAGGCACTGTACTCTTTTTTCTTTTTAGTTTAAAAAGTGTGTGTGTTGGGGGGCAGGGGCTGGAGCGGTCTGTAAATACACCTCGGTAGAAGACAGCTTGTCCAGCAATTATTAAGCTAGAGGATCAATCCCCAGCGTTCCAAAAAAGGAGTGGTCCTTATAATTTTGAATTTTCTAAATCATGCTGATCATGCCTATGTGTGTGTGTGTGTGTGTACCCGCGCGCTTGTGTGTGGGGTTGTGTATGTGTGTGTGTACCTGTGTGTGTATGTTTTAAGGAAATAAAGAGAAATATGTACAGTCTACCCCACTCTCTATCTCTTGGTGTGTTATGGGGAGAAGTTCTGGAGAAAACATTTGGATAAGGTGGAGAGGAATCTCAAAGAAGGCCAAAGCCAAGACCTGGCTATAGTGGGAGGGAGACATAGAGGATGGTGCAGACCCTCCCTGGTAACAGGGAAGGGAGATGTCCAACCTCCTGATGGTGATGCCACTTGTGGTTCCTCAGATTGGTGAGGATCCGGATGAGTGACGGGTGGGGCCCGAGGTGAGCACTGGCGGCGGGGAGGCGGGGGCGGGGCCTCCTGTCGCACTGGCCTCCCGAACAGGGGGAGCGGGCTTGGCAGTGACGCAGGGCCCTCACGTGACCCGGGGCTGCAGAGCGACGCAGCCTTGGGTGCAGTCGTCACGAGCGTCTGGCCAGCAGCTCGGAGCTCCTCTGCGCGCGGCGGGCTGGCAGCGGGCCCGAGGCGAGCGGGACAGGTAAGGGGCCTGCACGCCGCGGCCCTGCGGGCGACAGCCTCGCGACGGGCGGGCGCGCACCGCGGCTTTGTGCACCGCGCGGGGAACCCCGGCTGCGCCCGGGAAGGGACGCCCGGGCTCAGGGGCGGGGACGGCGCGGGGGTCCCGGGAGAGGGGCGGCTGGGCGGGCCCGCAGCGGAGAGCGCTAGAGCGAGCCCCGGAGAGCGGGGACGGGGACGGGGACGGGGACGGGGATGGGGATGGGGACGGGGATGGGGACGGGGATGGGGACGGGGATGGGGACGGGGATGGGGACGGGGCTGCTAGAGATCGTGGGCGGCCGTGTAGGGGGATGGGCGGTGGGTCCGAGGAAGGCGGGTGCGGTGCTGAGCTCGGCGCCCAGTCCTTCCCATCCCACCCTGTCTGCAGATTGACTGGAAGCCGAGAGTCCAGGCGGCAGCGGGAATTGACAGGAGGACTACGCCGCAAGGGATAGGCCCAGGTTGGTTCAGTGGCGGTGGGGGTGGGGTGGGTGGCTGGGGGAGGTTGGGGAAAGCCCTGTCTAGGACCCCTGTGAGAGCCCCCACTCCACACTACTCTTCTTCTCAGTCCTCCATTTTGGTGGCTGAAAGCTCAGGGAAAGGATCCTGGGAAATAAAAAATGGTGGGCTTTGGGGGAGGGAGGGGACAGAGAGCTGGGAGGGGGGAGGGGCTCGAAATGGAGGCTCCCTAGAGGTTGCCTGGAGACTCTAAGGTGGGAAAAAAATAATAATGAAAATCCTTGTTGTTAATCTCTGACTTTTGCTGGTCACTGCATCGAGCATTCAGTTTGGGTTTTTTTTTTTTTTTCCTCCCCTTGCCCTGTCTTGCTTGTGTTCAAAGAATAGCAACCAGGAAACAAAATCTCATC
1358,chrX,9256906,9258905,-,61874,uc009spp.1,0.4821047304,1,0.4821047304,"1715,1967;",1,TTTAATAAAAGAGGTTCAACGTACCAGATCTACGAGTATCACTTTCTCTAACCATTAGGTCCTGTTTCGACGGAGGAGGTATCGGATGGAGAGAGGATCTGTCTTTCGGTCTTTCCTATTAGGTTGGTATTCCCTAAACTTATAAATATTAATTTTATAATCTTTGTTTACCTCATTTTATAAGAATAACTTATTCTTACAAATTGTTCTTACTATCTTCTCCGGGAAATACGTAATTATATCGTACTAGAAGTTCTATTGTTCCGTGATCGTATTCTTACTATTTTAACACACACACACACACAAACATAAGGGTATACGAACTATAAAAAGGTCTCTTATAAGAACCCTTCTATTTGGATCTGTTACGAAGGTCCTTTCAGTTAATTTACCGACGTCCCGGACCAGAGAGACGAGGACAAAAATGTGTAAACTTTAGTCCACTGGGATAATGGGTGAATCTTTTAATTAATCTAATTCTGAAGTTTTGATCCTGAGTCTTACATCGAGTCACCCATCTCAAACGGACCGTGTACTCTTCGAGCCCAAAATTAGGGATCGTGACGTATTTTACGATACCGTCACATGTGGACATTAGGATCTTAAATCTTCGACGTTCACCCTTCCTAGTCTTTAAGTTCCAGTAACAAGTGATCCATGACTTAAACTGTAGTCGGATCCTATACACTCTAAAACAGAGTTTAGTCCTTTTCTTTTTCTAAAGATTCTTGTACGTGTACTTTTATCGACTGGAAACCCGTGCCATCTATATAAAGCTCAAAGGACATTCTGCCATGTCTTCTTCCTTCTGTATCCGTGACGGTCGATGTGGTACCGTTTAGGGACCGGGGAAGAAGTTGTCCGGAAAGACGGTACAGTCGAGGGGTGTGGCCTATGTACACAGGTCCATGACGCCAAAGAACCTTTACTCTATTCGAAACCGTTTGTCTATTCGTTAAGGACAAAATTTTTTTTTTTTTTTTTTGTAGTTTCTGTATTCTCCACTGAAAGTCCTAAATTATTCTATATCAAAGAGTTCCCATATATGGTTTGCCTAGAGGTGTCGCAGATTTGACACCGAGAGGTGTCACAGGTTTGACACCGGACTTTGTGACGTAAAGGAAGACAAAAGAAAAGAAAAATGTAAGGATCAATGTAAAGATTATTTACCCGTGATACGAAAACCATCGTTCTGATATGTTACAAGAGGCACTTTCATACGAAAAAGGACACCCTAATCAAATTAAGATAGTACCTCAACCGAAGACCTCTTTCTATTTGTAAAATTGACTTCATGTAGTTGATTATTCTAGGTGACAAAAAAAAATTGTTTACTAAATTATAAGTTATTACTCCCGACCACTCTACCGAGTCACCAATTCTCGTGACTGACGAGAAGGTCTCCAGTACTCAAGTTTAAGTCGTCGGTGTACTACCGAGTGTTGGTAGGTATTACTCTTTGTTTATTTCTCGGATATCCGACCTCGTTTGCCCGACTTCACTCTCCCTCTTTTCTTTCTCCCTTTTATATAAGTTATTACGTATGTATGTATGATCATTTGTAATACGTGTATCCCGGTAAATGTGTCGAATGATTAATCGGGTACCTTCAAGTCTTAAACGTCACAAATGTATAAATACTGTTATGGGAAAAGGAATGCTCGTTTTGATCCTCAGAAAGGTTCTAATTATCATGTTTTTGTAGTTTGTTGGAATTATTCTCCAGATGAGGTCGAAACTTCACTCGGGACTGGTACCAGTCACAAGGCACCTTTCTTTGTAAGGAAGTATTGAACGGTTGTTTCCACTACGGGGTGATGTCTTCGGTCTCGTCTTCGTGCTCTTCACTGTTGATAAGTAACTTTAATAGAAGAGGTTCAACGGTGCAGACCTACGAGTACCATTTTCTCTAATCATTGGGTCCTACTGACACGGAGGAGGACGTATCGGATGAAGGGAGGATACATCTTTCGTCTTTTCCCGATTCTTAGAGTGACTCA
1926,chrX,94365857,94367856,-,62442,uc009ttj.1,0.4817108295,1,0.4817108295,"353,1379;",,CCAAAAACTTTCAGAAGTGACATTTACAGGTAGAATACCTCCTGTCAAGCTTTTTTGACATTCTCCCCTCTTCTCAGCTGAAGTATGATTACGAGTGACCCGTCATTTCGAGGTCGATGTATGTGTGTGTGTGTGTGTGTGTGTGTGTGTGTGTGTGTCTCTCTCTCTCCCCCCCTCCCCCTCCCTCCCCCTCCCTCCCCTTCCCTCCCTCTCTCCCCCCCTACTCCCCCTCTCTCTCTCTCTGGGGGGGCGGGGCGGGGTTCGGTCGTAGGGGCTGTAGGAGGCTTCGACTGGGAGGGGGTGGGTGCCCGGTCCAAGACTTTGAACTAGGACGGTTCGTTGGTTTCGGTGTTTGGGACGTCGCGGGTCTGGACCGAAGTAGGAGGGGTGTTGGGGTTTTCCCGTAATCGGCTCCTCCACCCGTGCTATCTCCGCAAAATTGAAAAGTTTCACAAAGTAAGCGCTCTCTCGAGTTTCCCGGCTAGGGTGGTTAGATCCCAAAGTGAGGTGTTGGAGTGTCCACGACCATGGCTCACGACTTACTTGGCGGCGGTTCGGTCTTAAATCGGGCCTCCACTTTTTCCGGAGTCCTCCTTGGCTCAGACCAGGGGTTTTTCTGCGGGCCCTCGCACCCCTCCCGAGGACCTCCGACTCTCCCCTGTTACTGTCGACACTGGGCCGAGGTGTAAGAGTGGAACTTGTACAGCGACCGTCGGCGCCGAGGCCGTCCCAGTGGGGAGGGAACCGGGGAGGGTGATATTTTTTCCGTTGATGCCACCGGCCCAATCTAGGACTAAGGGAACTGGTGCTCGCTCGTGCTCTACTACGACACTGCGGTCGAATTGGGCGGTTTTCGAGCCGGACGCGGCGATCCACCGCACAGCGCAACGAATCGTTGGCTCTCCGCGCGCGCCCTTGGATTGTTTAAGTTTGGGGCGGAGGATCTGTCAGGACGGAGGAACGTCCGACAACGATCCGCCGTTTTCCGACGTCCAGGCACACCCGCCGGCGTGCGACACCACTCTTCTTCCGCCAAGAGACCGAGGGACGGCGCGGCCCCTGACCGAAAGCGGAGGTGACGGTCCGAGGCCGACGCTCCCAACTCTTAGGACGTGCGACTCCGTCGGTCCGCCACCGCGGGCTGCCTGCTCCCATTTGACGTGGTCAGAGAATCCCTCTTCGTCGCCTAGCTGGGCTGGAACCCCGTAGCTAAATGGAGTATTTTCCAAAAAGGGAATTTCTTAAATGGAACGCGACTTGCCAGGAATTCAAAATGCAAATTTGATTTACATTGTACAGCGAATGAACACTTTTTTACTGGCCATGGCCACAAAAAGAAAAATTTCATGATTTCACATTTAGACTGTTAGTTTATAACCAGGGTAAATTATGAACATCTGCATTTTACCGTCATAAACCGATAAACGCTCTTTTTGACCGCAACAGCGACCAAATTATTAAAGTAAAAAAGGTGGGTTCAGATACCCGTGTTAACAGTGCCGGCTCGCAGGTTCCGACACTTTTTAGATTCCGATCCTAAGTTGAGGTCCATCCGACGGAGAACTTTAGAGTCGCGATCGGAGTCCCTTGTGATCGCCCAGGCTATTTCTGCCGCATAAAGTATAAAGCAAAGACAGGATTAAGCTGTCTTTTACCTTCTTCGGGACACCCGCCCGCAGGACCTCTACGCCTCTAAAAAAGTCACATTCCAGTGAACAGGAAAATGGGTCTCTGACTAACCCTGTGTGGACAGGAATTCCTTTAATCCCCCCAAAAATAAGCGACTCCCTCTCTCTCTCTCTCTCTCTCTCTCTCTCTCTCTCTCTCTCTCTCTCTCTCTCTCTCTCTCTCTCTCTCTCTCTTCCTTTTCCGCGCGGCGCGCAGACCCTGTTCGACCTCGCGAAGCCATTCTTCAATCCAAACAGCATCATACATCATAGCCTCGAAATCAAGTCACTAAACACCAGTTTCAAAAAACCAAAAAAAAAAAAAAAAATTTC
60,chrX,7840598,7842597,+,60576,uc009smy.1,0.48049129077,1,0.48049129077,"367,1782;",1,ACGTCCAGGATTTTTCTGCACTACCACAGGTTCTAACTTATATAGCACTTACTGTGTACAATGCACAGAACCCGGCCATTTATTGGCTTTCATTTCTACCACATAGAAATTATTGCTGCTGGGTGGTGGTTTAATCCCAGCACTCAGGAGACAGAGGCAAGAGGATCTCTCTGAGTTGAAGCCAGCCTGGTCTACAGAGTGAGTTCCAGGACAGCCAGGGCTACACAGAGAAACCTTTTCTCGAAAAAACTAAATAAAAAAAAAAAAGAAAGAAAGAAAAGTTATCGCTAATCTATAGAGAAGTAGAAATAGAGACTAGATTGGGTGTGAACTGACTTGTTCCAAACACTCAGACATTAAGGGCCAAGATAGTATTAGCGTTTTAGCTGCTCAATATCAAGGAGTTTGCCAACACCACTGGGTGACACTAGCTGCTGACAGTCTTGTTTCGTAAATATTCTCTTTTCCTGAGTAAACTTTTGTTTTGTTTTGTTTTGGTGGTAGGGGGGGTGAAAAGCCTGTACCGAGCCTGCGCAATAGACAGACGCTAGAGGTGAACGTGAGGGTAAGAGGGCGGAGGTGACAGAGAAGGCGTGTTTTTCCGCCAAACACTATCAGTACGGTGCACGTCTGTCTATCGGTTGGCCCATCTGAAGTGATGGACAGCTTCGTGGAACTAATCACCGCAAGATTACGACTGTTGCCAGGGTGAAGTAGGACCCACCCTCTTGGGTTGGCGGATGGGAGGAACAGGAAGTGACGCCAGAGGGGACGCTGTGCTCTGGGAATGTTGATGTTTTCCAGTGAGTGTAACTGAGTTCCAGATGGAATCCTTGGAGAGCCGAGTCTTACTGTATATAGTAAGACAGACCGCTCTGTTTATGCACAGTGCCGACGCCTCTGAGCTCAAACCTCGGGGAAAGTAAAGCATAGACTGGGAGCCGAAAGGAGAAGCTGGGAAGAAGGCTGCCGACTTTGAAATTCGAGGCGGAGGACTTGAGAACGAGCGCTCAACCCGGATTGGCCAGTGGGTGTCGTCAAGGCTTTACGCGCCTCTTCAATTGGCTGGTGTCTGCAGTCGTCCCGGCGGGCGAGCCTTTTGCCCACGTACTTCCGTGCAGGGGGCGGGGCTGCGTCCTGTTGTGCATGCGCACAACCAGGAAGCCCCACCCGGTAGTTGAGGAACCTGCGGAGGGGCGGGGCGAAGCGGTGCTTGTTTTGGTTGTGTTTCCTCTGAAGCCGAATCCCGGAACCAGGTAGCAGAGAGCTCGGCCGGCCTTGGAGGGAGACAAGGCTGCGACCAATCCGTCTCCGTACCGTCCCACTGGACTTCACATCCGGGATCTCCTCCTGGGCGTGACCCGCGTCCCGTCTGCGGTCCTCGAACCGGTGTCCTGATCTCTTTATCCAGGCCTTGCTGTTCCCGTCGTGCCTCGCGCACGACCGTAGCCCCCTCATCCGGGTTCTCTCCCGGCGTTCTCCGCGTTTGCTTTGCTGTGGGGTACTTGGCGGTGCCGCCATGACTATTCTCCCCAAAAAGAAGCCGCCACCTCCCGACGCCGACCCGGCCAACGAACCGCCGCCGCCCGGGCCGCTGCCCCCGGCGCCTCGGCGCGGTGCGGGTGTAGGCGTGGGTGGCGGCGGCACGGGTGTGGGCGGAGGAGAGCGCGACCGTGACTCCGGCGTCGTGGGGGCCCGTCCCCGGGCTTCGCCGCCACCTCAGGGCCCGCTCCCGGGGCCGCCTGGTGCTCTTCATCGTTGGGCACTGGCCGTGCCGCCTGGCGCAGTCGCGGGCCCTCGGCCACAGCAGGCTTCTCCACCTCCTTGTGGGGGCCCCGGTGGCCCCGGCGGCGGTCCTGGTGACGCTCTTGGTGCGACAACTGCGGGGGTGGGCGCGGCAGGGGTGGTGGTGGGCGTGGGTGGTACCGTGGGCGTGGGCGGCTGCTGCTCGGGGCCCGGGCACAGCAAGCGGCGGCGTCAAGCTCCCGGCGTTGGCGCAG
61,chrX,7840598,7842597,+,60577,uc009smx.2,0.48049129077,1,0.48049129077,"367,1782;",,ACGTCCAGGATTTTTCTGCACTACCACAGGTTCTAACTTATATAGCACTTACTGTGTACAATGCACAGAACCCGGCCATTTATTGGCTTTCATTTCTACCACATAGAAATTATTGCTGCTGGGTGGTGGTTTAATCCCAGCACTCAGGAGACAGAGGCAAGAGGATCTCTCTGAGTTGAAGCCAGCCTGGTCTACAGAGTGAGTTCCAGGACAGCCAGGGCTACACAGAGAAACCTTTTCTCGAAAAAACTAAATAAAAAAAAAAAAGAAAGAAAGAAAAGTTATCGCTAATCTATAGAGAAGTAGAAATAGAGACTAGATTGGGTGTGAACTGACTTGTTCCAAACACTCAGACATTAAGGGCCAAGATAGTATTAGCGTTTTAGCTGCTCAATATCAAGGAGTTTGCCAACACCACTGGGTGACACTAGCTGCTGACAGTCTTGTTTCGTAAATATTCTCTTTTCCTGAGTAAACTTTTGTTTTGTTTTGTTTTGGTGGTAGGGGGGGTGAAAAGCCTGTACCGAGCCTGCGCAATAGACAGACGCTAGAGGTGAACGTGAGGGTAAGAGGGCGGAGGTGACAGAGAAGGCGTGTTTTTCCGCCAAACACTATCAGTACGGTGCACGTCTGTCTATCGGTTGGCCCATCTGAAGTGATGGACAGCTTCGTGGAACTAATCACCGCAAGATTACGACTGTTGCCAGGGTGAAGTAGGACCCACCCTCTTGGGTTGGCGGATGGGAGGAACAGGAAGTGACGCCAGAGGGGACGCTGTGCTCTGGGAATGTTGATGTTTTCCAGTGAGTGTAACTGAGTTCCAGATGGAATCCTTGGAGAGCCGAGTCTTACTGTATATAGTAAGACAGACCGCTCTGTTTATGCACAGTGCCGACGCCTCTGAGCTCAAACCTCGGGGAAAGTAAAGCATAGACTGGGAGCCGAAAGGAGAAGCTGGGAAGAAGGCTGCCGACTTTGAAATTCGAGGCGGAGGACTTGAGAACGAGCGCTCAACCCGGATTGGCCAGTGGGTGTCGTCAAGGCTTTACGCGCCTCTTCAATTGGCTGGTGTCTGCAGTCGTCCCGGCGGGCGAGCCTTTTGCCCACGTACTTCCGTGCAGGGGGCGGGGCTGCGTCCTGTTGTGCATGCGCACAACCAGGAAGCCCCACCCGGTAGTTGAGGAACCTGCGGAGGGGCGGGGCGAAGCGGTGCTTGTTTTGGTTGTGTTTCCTCTGAAGCCGAATCCCGGAACCAGGTAGCAGAGAGCTCGGCCGGCCTTGGAGGGAGACAAGGCTGCGACCAATCCGTCTCCGTACCGTCCCACTGGACTTCACATCCGGGATCTCCTCCTGGGCGTGACCCGCGTCCCGTCTGCGGTCCTCGAACCGGTGTCCTGATCTCTTTATCCAGGCCTTGCTGTTCCCGTCGTGCCTCGCGCACGACCGTAGCCCCCTCATCCGGGTTCTCTCCCGGCGTTCTCCGCGTTTGCTTTGCTGTGGGGTACTTGGCGGTGCCGCCATGACTATTCTCCCCAAAAAGAAGCCGCCACCTCCCGACGCCGACCCGGCCAACGAACCGCCGCCGCCCGGGCCGCTGCCCCCGGCGCCTCGGCGCGGTGCGGGTGTAGGCGTGGGTGGCGGCGGCACGGGTGTGGGCGGAGGAGAGCGCGACCGTGACTCCGGCGTCGTGGGGGCCCGTCCCCGGGCTTCGCCGCCACCTCAGGGCCCGCTCCCGGGGCCGCCTGGTGCTCTTCATCGTTGGGCACTGGCCGTGCCGCCTGGCGCAGTCGCGGGCCCTCGGCCACAGCAGGCTTCTCCACCTCCTTGTGGGGGCCCCGGTGGCCCCGGCGGCGGTCCTGGTGACGCTCTTGGTGCGACAACTGCGGGGGTGGGCGCGGCAGGGGTGGTGGTGGGCGTGGGTGGTACCGTGGGCGTGGGCGGCTGCTGCTCGGGGCCCGGGCACAGCAAGCGGCGGCGTCAAGCTCCCGGCGTTGGCGCAG
1419,chrX,20920919,20922918,-,61935,uc009stw.2,0.47791991419,1,0.47791991419,"712,1166;",1,GAGTAATTACATCCCCGACTCTGGTCCGATTGAACCCGACGTGTCGTTCTAGACCAAAATTTTCTTTACTTATTCATCCACTAAGATTTTAGAAAGTCCGTTCTTTGAAGACGGTGAACAAGGTGACAGTAACGAGTGACCCCAGTTACTACATGGGTTAGTAAAACCGGGATAAGGAATGATTTTAGAGTGAGGTCAAACAACACTTCTGTGACCGTGATCGACAAAGTAGAAGGACGGAGTATATGGTTAGTGTCGTTTGTAATAAGAACCCTCTAATAAACTTCAAGTATTTAAGAGGATTAAGGATTAAACGTTTCATCTTTATAATAGACATCTAGTCTAACAACCTATTCGGTTCCATGTAAATTTGTTTATTGATACGTAAACGTTAAAACAATATCGGTCTGAGAATGTTCAACTGTATTACCGAAGATGTAGAATAATGACGGACTTAATGACAAAATCCAGATAACGACACTTCTCCATGGTAGTGGTTCCGTCAAGAGTAATTTTTTTTTTTTTGTAAATTAACCCTCGAAAGAATGTCAAAGTCTCTACTCATTTAATAATGGTATTAGTCCTCACAACACCGTCTGTGTCCGAACTACGACCTCGGTATCGACTCTCGATATACGACTAGGTGTCTGTTGTCTGTGTCTGTCTGTCTGTCTGTCTGTCTGTCTGTCTGACTGACCGACCGACCGACCGACCGACCGACCGAGACCCGAACCGTACCTGAAAACTTGGGGGTTTTGGGTGGGGTCACTGCACGAAAGAGGTTGTTCCGGTGTGTAAGATTAGGAAAATTAGAAAGGTTTGTCGTGGTCAGGGACCACTGATTCGTAAGTTTATATACTCGGAAGAATAAGTCTGGTGGTTTTAATGAAATAAAAAGGTGTACTTTCATAATACACCGAAGGACAGACGTTTCTCCTTCTGTAGGTACTTGTGATTACTGTGACCCAAACCCGATACAGGCCTCGTCTCCTTACTCCGGTACATCTGATTTATACACGTACACCTCCTCCGACTTTTGTGTAGTCTCGATCGCGACGTCCTTTACGAAGACGTAACGTATGGGTCTCAAAGGAACGAGTAGACCCTCAGACACAAAAAGGATCTACACACGTGAACACACTCTAAGAGACCCACACTCAGTTTCACAATAGACTTACACATTACACACGAGTTATACGAGTACACACAATGGGACTCGAAGACACAGATGTATATATGGACCTACGGACACACAAGACACTACATGTATATATAAGACAGAAAGGAAGGAAAAGATAAACACAATAAGGTACACAAGAAAGTCTAAGAGTGGTGGTTCCCGTTCCTATACAATTGATGGGTTCACAGGTGGAGGCGGACAGACCACTACAAATGCGGTGGGGGCACGAGAAAAGAAACGGGCTGTCTCAACAATATCCTCTACAGAGGGGCCCTTGTGACGTCCTTCCTCTTAAAGATGTAAATACAAGGGGAGACTCACACGAAGATAGGGGTTTTACGGAAGTTTCCACTTTTAGTTGTGACCTTTGGGTTCATAGACCCTTCCCGTTCTCACACATTCACGTTCAATCGGATTCCTTATCCTTCTCCAACCATTTGTCCCATCCTAGCACCCTCCCTCAAAGCAATGATGTCCAGGCCTGGGAGTCCTGTTCTTGGGGTGGGGGTGAGGGGTTTAACGCGTAGGGGGCGGGGGTAGTCTCCCCCTCCCCTTCTCCAACGCCGCGCCGCGTACGCGTGACAGCCTAAGTCGTGGCGCCAGTCTCGGAAGCGGAGGCGACGGCCGCGCGTGGTGGTGGAGGGGTCGTGGTTTCCGACTGACTGCAGTGAGTGATCGGGAGGGGTTTGAGGGGAAGGAGCGGCGGAACCAGCGCAGGTACGACGGCACTCAGGTCAGCCTGGCGTGGTGCTCTCCACGTTCTATCCCTCCACGCCCGCGCTGGTATGCGAGACGCCGCCGTCTCGGAGCCGCGACGGAG
1420,chrX,20920919,20922918,-,61936,uc009stx.2,0.47791991419,1,0.47791991419,"712,1166;",,GAGTAATTACATCCCCGACTCTGGTCCGATTGAACCCGACGTGTCGTTCTAGACCAAAATTTTCTTTACTTATTCATCCACTAAGATTTTAGAAAGTCCGTTCTTTGAAGACGGTGAACAAGGTGACAGTAACGAGTGACCCCAGTTACTACATGGGTTAGTAAAACCGGGATAAGGAATGATTTTAGAGTGAGGTCAAACAACACTTCTGTGACCGTGATCGACAAAGTAGAAGGACGGAGTATATGGTTAGTGTCGTTTGTAATAAGAACCCTCTAATAAACTTCAAGTATTTAAGAGGATTAAGGATTAAACGTTTCATCTTTATAATAGACATCTAGTCTAACAACCTATTCGGTTCCATGTAAATTTGTTTATTGATACGTAAACGTTAAAACAATATCGGTCTGAGAATGTTCAACTGTATTACCGAAGATGTAGAATAATGACGGACTTAATGACAAAATCCAGATAACGACACTTCTCCATGGTAGTGGTTCCGTCAAGAGTAATTTTTTTTTTTTTGTAAATTAACCCTCGAAAGAATGTCAAAGTCTCTACTCATTTAATAATGGTATTAGTCCTCACAACACCGTCTGTGTCCGAACTACGACCTCGGTATCGACTCTCGATATACGACTAGGTGTCTGTTGTCTGTGTCTGTCTGTCTGTCTGTCTGTCTGTCTGTCTGACTGACCGACCGACCGACCGACCGACCGACCGAGACCCGAACCGTACCTGAAAACTTGGGGGTTTTGGGTGGGGTCACTGCACGAAAGAGGTTGTTCCGGTGTGTAAGATTAGGAAAATTAGAAAGGTTTGTCGTGGTCAGGGACCACTGATTCGTAAGTTTATATACTCGGAAGAATAAGTCTGGTGGTTTTAATGAAATAAAAAGGTGTACTTTCATAATACACCGAAGGACAGACGTTTCTCCTTCTGTAGGTACTTGTGATTACTGTGACCCAAACCCGATACAGGCCTCGTCTCCTTACTCCGGTACATCTGATTTATACACGTACACCTCCTCCGACTTTTGTGTAGTCTCGATCGCGACGTCCTTTACGAAGACGTAACGTATGGGTCTCAAAGGAACGAGTAGACCCTCAGACACAAAAAGGATCTACACACGTGAACACACTCTAAGAGACCCACACTCAGTTTCACAATAGACTTACACATTACACACGAGTTATACGAGTACACACAATGGGACTCGAAGACACAGATGTATATATGGACCTACGGACACACAAGACACTACATGTATATATAAGACAGAAAGGAAGGAAAAGATAAACACAATAAGGTACACAAGAAAGTCTAAGAGTGGTGGTTCCCGTTCCTATACAATTGATGGGTTCACAGGTGGAGGCGGACAGACCACTACAAATGCGGTGGGGGCACGAGAAAAGAAACGGGCTGTCTCAACAATATCCTCTACAGAGGGGCCCTTGTGACGTCCTTCCTCTTAAAGATGTAAATACAAGGGGAGACTCACACGAAGATAGGGGTTTTACGGAAGTTTCCACTTTTAGTTGTGACCTTTGGGTTCATAGACCCTTCCCGTTCTCACACATTCACGTTCAATCGGATTCCTTATCCTTCTCCAACCATTTGTCCCATCCTAGCACCCTCCCTCAAAGCAATGATGTCCAGGCCTGGGAGTCCTGTTCTTGGGGTGGGGGTGAGGGGTTTAACGCGTAGGGGGCGGGGGTAGTCTCCCCCTCCCCTTCTCCAACGCCGCGCCGCGTACGCGTGACAGCCTAAGTCGTGGCGCCAGTCTCGGAAGCGGAGGCGACGGCCGCGCGTGGTGGTGGAGGGGTCGTGGTTTCCGACTGACTGCAGTGAGTGATCGGGAGGGGTTTGAGGGGAAGGAGCGGCGGAACCAGCGCAGGTACGACGGCACTCAGGTCAGCCTGGCGTGGTGCTCTCCACGTTCTATCCCTCCACGCCCGCGCTGGTATGCGAGACGCCGCCGTCTCGGAGCCGCGACGGAG
732,chrX,102250651,102252650,+,61248,uc029xlx.1,0.47035794244,1,0.47035794244,"243,1931;",,GGGGCCTCCTCGACGCGCCCGGAGAGAGCCACCGAGGCGGGCTTGGCCGAACGGAGCCCGGCACGCCAGGCGCGAGCACCAGTGCCGGAGGGCTCCAAGCGTCCTTTACCTCAGGTGCTCAGAAGCAGACAGGCGACGAAGCACGGGGTCTCCGCGTCAGCGCGACTTTGGGGACCCGCAGCGTCTCCGCGCGCGGGGGCGCACTTTGGCGCCAGCGGCAGTGGCTCGCGCGCCTCACAGACACTTCCGAGCGCCCTCGGAGCGTCCGCTGCTGCCGCTGCTCGCAGCTGGCTAGCAAAGATTCGAGGTGCCGAGGTGGGTGCGATAACTTAACCCAAGGTCACAACGTTAAAAGTGGCATGGTTCAGACTAGCTGTCCCGCCCCTGATCAGGCTCCCCGTGAGGCAGAGGCTGGGCGCCGCGCGGCCGCTTCCCCCGAGAGGGGCGTGTGCACGGGGGTCGTGCTGCGTGGGGAAAGCAAGTTGCCAGAATGTTCCAACTTGCAGCACGCAGCTTGGCTGAGTTCAGCCAGAAGCCCTTCTCGCTTCCAGCCCCCCAGGAAACAAGAGCTTTGTGCGGCCCCCGAGCGGCCTGATGCAGTCCTGGGTATTGGCAAAGTCGGGGAAGCAGAGCCGGAGAAAGCGCGGGCGCCGGAGTGGATGTGCTGCGGGTTTCTCCGGACAAGTGGGCTCCGCGTCCCGCGGGCCGGCCCGGGCTGCCGCCCCTCTGCCCGGCAGCTCCGGCAGCAAACAAGTCCCCCAGCCCCGCGGCCAGCTTGGCCGCCTCCGGTGCCCTCGGCCCCTGCTGCCCAGCCCAGCGTCCTGCCGGGCGGCCCGGCTTACCTCCGCGAAGCTGCTTGCCCGGGAGAGGAAAGCTCACAGGAGCTGAGGTACGGACGAAGCGACCTAGCCCCGAGCCCCCTTGGCACGCACACTGCCGCCGCCGCCGCTAGCCACTCGCTTCAGAGTCCCCAGCCGCACGGGCGGCCACGCGACCCCAGGGCGCCTGGGAAAAGCCTGCACCGCCGCGCCGCGCCGCGCCGCCGCACCGCACCGGGCAGCGCCGAGCTGCCCCGACCCGCGCTCTTGCCGGCCCGCAGCTCCGGCGCCCGGACTCCGGGGCGGTGGCGATCACAGCCACCACGCTTGGTTCTCGGCGCGGGGACCGGGCTCTTAAGCCCCCACTGCCTCCCGTAGAGCCCTGGCGCACAAGCACACAGCAGCAGGCTGGCCTCGGCTAGGAATCCCAGGAAGGACAGACCCCTTTCCCCCCTTTTTTCCCTCTCCCCCCAATTTTCACGTCTTTATAACCAGCTTAGAGCATTATTAGCACATGTCCTGGCTCGTGGGCGAGTTGGTGGCAAAATCTGAACTGGATACTTACGGAGGGCCCGAGTGGGTGCTGTGCCTTCCTCGCGTCTGGTCCTCTCTGCCAGGAGCAGCCCCGCGCCGATAGGTTGTGGGAGGAGCAGCCGGGCGGAGCTAGCTTCCTCACCGCAGCTCGGCAGCGCACTTCTGCAGCTGTGCCGCCGGGAACATTTTATAGCGGCGGGCTGGCGTGTGTGGCCCTTTAAAGGCGCTCGAGCTGGTGCAGTCACCGTGGATCTTGTGAAAGCAAAGGGCGGGCTAGGGAACAGAGTGCGTGCGTCCCCTCCTGTCCCTCAGCCCTGGGGGCACGACGCAGCTACTGGGGTGGGGCTGATGGTCTCTGATTATGGTCACTTCTCGCCCAGTGCTCTGGCCTATACTTGTTTTTCTAAAACTAGTGACAGCCCGAACCTGGGACGTGGGCTCTCCCCACCACCCTGCATGGACTTGCCCAATAAATTCCACTTAGTAATTTTACCGAGGCGAGGGAGAGCTGTTAGTGTCTGTTTTCTGACCTAAATCAAGTGGGTCGCCAGGACGGGCTTCAATGGATAGAGAGAAGAGCTGTTGGCTTAGGGAAAGGTCCAGAAGAGGGACTTGCACACGGGACGGTGTAGGCAAGGCACGGGTCTT
2007,chrX,102250777,102252776,-,62523,uc033jrp.1,0.47035794244,1,0.47035794244,"194,1882;",,ATTCACGGGGACGTGTTTTACATCCCTCAAATCCCCCATTCCCTGTGCGGTTGGAGCCGGTAAGGTGCTACTCTTCTGTATCGAGTTTTTCTCGTTTGGCCGAGCCTCCTTCGGGACGTCTTTTGATTCTGGGCACGGAACGGATGTGGCAGGGCACACGTTCAGGGAGAAGACCTGGAAAGGGATTCGGTTGTCGAGAAGAGAGATAGGTAACTTCGGGCAGGACCGCTGGGTGAACTAAATCCAGTCTTTTGTCTGTGATTGTCGAGAGGGAGCGGAGCCATTTTAATGATTCACCTTAAATAACCCGTTCAGGTACGTCCCACCACCCCTCTCGGGTGCAGGGTCCAAGCCCGACAGTGATCAAAATCTTTTTGTTCATATCCGGTCTCGTGACCCGCTCTTCACTGGTATTAGTCTCTGGTAGTCGGGGTGGGGTCATCGACGCAGCACGGGGGTCCCGACTCCCTGTCCTCCCCTGCGTGCGTGAGACAAGGGATCGGGCGGGAAACGAAAGTGTTCTAGGTGCCACTGACGTGGTCGAGCTCGCGGAAATTTCCCGGTGTGTGCGGTCGGGCGGCGATATTTTACAAGGGCCGCCGTGTCGACGTCTTCACGCGACGGCTCGACGCCACTCCTTCGATCGAGGCGGGCCGACGAGGAGGGTGTTGGATAGCCGCGCCCCGACGAGGACCGTCTCTCCTGGTCTGCGCTCCTTCCGTGTCGTGGGTGAGCCCGGGAGGCATTCATAGGTCAAGTCTAAAACGGTGGTTGAGCGGGTGCTCGGTCCTGTACACGATTATTACGAGATTCGACCAATATTTCTGCACTTTTAACCCCCCTCTCCCTTTTTTCCCCCCTTTCCCCAGACAGGAAGGACCCTAAGGATCGGCTCCGGTCGGACGACGACACACGAACACGCGGTCCCGAGATGCCCTCCGTCACCCCCGAATTCTCGGGCCAGGGGCGCGGCTCTTGGTTCGCACCACCGACACTAGCGGTGGCGGGGCCTCAGGCCCGCGGCCTCGACGCCCGGCCGTTCTCGCGCCCAGCCCCGTCGAGCCGCGACGGGCCACGCCACGCCGCCGCGCCGCGCCGCGCCGCCACGTCCGAAAAGGGTCCGCGGGACCCCAGCGCACCGGCGGGCACGCCGACCCCTGAGACTTCGCTCACCGATCGCCGCCGCCGCCGTCACACGCACGGTTCCCCCGAGCCCCGATCCAGCGAAGCAGGCATGGAGTCGAGGACACTCGAAAGGAGAGGGCCCGTTCGTCGAAGCGCCTCCATTCGGCCCGGCGGGCCGTCCTGCGACCCGACCCGTCGTCCCCGGCTCCCGTGGCCTCCGCCGGTTCGACCGGCGCCCCGACCCCCTGAACAAACGACGGCCTCGACGGCCCGTCTCCCCGCCGTCGGGCCCGGCCGGGCGCCCTGCGCCTCGGGTGAACAGGCCTCTTTGGGCGTCGTGTAGGTGAGGCCGCGGGCGCGAAAGAGGCCGAGACGAAGGGGCTGAAACGGTTATGGGTCCTGACGTAGTCCGGCGAGCCCCCGGCGTGTTTCGAGAACAAAGGACCCCCCGACCTTCGCTCTTCCCGAAGACCGACTTGAGTCGGTTCGACGCACGACGTTCAACCTTGTAAGACCGTTGAACGAAAGGGGTGCGTCGTGCTGGGGGCACGTGTGCGGGGAGAGCCCCCTTCGCCGGCGCGCCGCGGGTCGGAGACGGAGTGCCCCTCGGACTAGTCCCCGCCCTGTCGATCAGACTTGGTACGGTGAAAATTGCAACACTGGAACCCAATTCAATAGCGTGGGTGGAGCCGTGGAGCTTAGAAACGATCGGTCGACGCTCGTCGCCGTCGTCGCCTGCGAGGCTCCCGCGAGCCTTCACAGACACTCCGCGCGCTCGGTGACGGCGACCGCGGTTTCACGCGGGGGCGCGCGCCTCTGCGACGCCCAGGGGTTTCAGCGCGACTGCGCCTCTGGGGCACGAAGCAGCGGACAGA
2008,chrX,102250777,102252776,-,62524,uc033jrq.1,0.47035794244,1,0.47035794244,"194,1882;",,ATTCACGGGGACGTGTTTTACATCCCTCAAATCCCCCATTCCCTGTGCGGTTGGAGCCGGTAAGGTGCTACTCTTCTGTATCGAGTTTTTCTCGTTTGGCCGAGCCTCCTTCGGGACGTCTTTTGATTCTGGGCACGGAACGGATGTGGCAGGGCACACGTTCAGGGAGAAGACCTGGAAAGGGATTCGGTTGTCGAGAAGAGAGATAGGTAACTTCGGGCAGGACCGCTGGGTGAACTAAATCCAGTCTTTTGTCTGTGATTGTCGAGAGGGAGCGGAGCCATTTTAATGATTCACCTTAAATAACCCGTTCAGGTACGTCCCACCACCCCTCTCGGGTGCAGGGTCCAAGCCCGACAGTGATCAAAATCTTTTTGTTCATATCCGGTCTCGTGACCCGCTCTTCACTGGTATTAGTCTCTGGTAGTCGGGGTGGGGTCATCGACGCAGCACGGGGGTCCCGACTCCCTGTCCTCCCCTGCGTGCGTGAGACAAGGGATCGGGCGGGAAACGAAAGTGTTCTAGGTGCCACTGACGTGGTCGAGCTCGCGGAAATTTCCCGGTGTGTGCGGTCGGGCGGCGATATTTTACAAGGGCCGCCGTGTCGACGTCTTCACGCGACGGCTCGACGCCACTCCTTCGATCGAGGCGGGCCGACGAGGAGGGTGTTGGATAGCCGCGCCCCGACGAGGACCGTCTCTCCTGGTCTGCGCTCCTTCCGTGTCGTGGGTGAGCCCGGGAGGCATTCATAGGTCAAGTCTAAAACGGTGGTTGAGCGGGTGCTCGGTCCTGTACACGATTATTACGAGATTCGACCAATATTTCTGCACTTTTAACCCCCCTCTCCCTTTTTTCCCCCCTTTCCCCAGACAGGAAGGACCCTAAGGATCGGCTCCGGTCGGACGACGACACACGAACACGCGGTCCCGAGATGCCCTCCGTCACCCCCGAATTCTCGGGCCAGGGGCGCGGCTCTTGGTTCGCACCACCGACACTAGCGGTGGCGGGGCCTCAGGCCCGCGGCCTCGACGCCCGGCCGTTCTCGCGCCCAGCCCCGTCGAGCCGCGACGGGCCACGCCACGCCGCCGCGCCGCGCCGCGCCGCCACGTCCGAAAAGGGTCCGCGGGACCCCAGCGCACCGGCGGGCACGCCGACCCCTGAGACTTCGCTCACCGATCGCCGCCGCCGCCGTCACACGCACGGTTCCCCCGAGCCCCGATCCAGCGAAGCAGGCATGGAGTCGAGGACACTCGAAAGGAGAGGGCCCGTTCGTCGAAGCGCCTCCATTCGGCCCGGCGGGCCGTCCTGCGACCCGACCCGTCGTCCCCGGCTCCCGTGGCCTCCGCCGGTTCGACCGGCGCCCCGACCCCCTGAACAAACGACGGCCTCGACGGCCCGTCTCCCCGCCGTCGGGCCCGGCCGGGCGCCCTGCGCCTCGGGTGAACAGGCCTCTTTGGGCGTCGTGTAGGTGAGGCCGCGGGCGCGAAAGAGGCCGAGACGAAGGGGCTGAAACGGTTATGGGTCCTGACGTAGTCCGGCGAGCCCCCGGCGTGTTTCGAGAACAAAGGACCCCCCGACCTTCGCTCTTCCCGAAGACCGACTTGAGTCGGTTCGACGCACGACGTTCAACCTTGTAAGACCGTTGAACGAAAGGGGTGCGTCGTGCTGGGGGCACGTGTGCGGGGAGAGCCCCCTTCGCCGGCGCGCCGCGGGTCGGAGACGGAGTGCCCCTCGGACTAGTCCCCGCCCTGTCGATCAGACTTGGTACGGTGAAAATTGCAACACTGGAACCCAATTCAATAGCGTGGGTGGAGCCGTGGAGCTTAGAAACGATCGGTCGACGCTCGTCGCCGTCGTCGCCTGCGAGGCTCCCGCGAGCCTTCACAGACACTCCGCGCGCTCGGTGACGGCGACCGCGGTTTCACGCGGGGGCGCGCGCCTCTGCGACGCCCAGGGGTTTCAGCGCGACTGCGCCTCTGGGGCACGAAGCAGCGGACAGA
298,chrX,42091728,42093727,+,60814,uc009tau.2,0.46758234905,1,0.46758234905,"1226,1414;",,ATATACCTAACACGTTCCCTTTCACATAATGTCATTCATTTCTATTTGTGTTGCTGCCAGTGGCAGAATTCTAATCTTTTTAAGGCTAAATATTATATTATGTGAATATACTACTTTTTTTGTCCATTCAGCAACAGTCAGCTAAAGCTGATTACACATACACACAGTACTATAACAAATGTGCACATGCAGGTGTCTCTTCAACATACTGCTTTCCTTAGCCTGGATGTATGCCCAGTGGTGAGACTGCTGGATCCTGTTTTAGAGCTGCCTTTGCTTTGTTTTGACGTTGTGTATCGTAGGCTGGCCTAAAACCTTGTTATGGAGCTGAGAATGAGCTTGCCATTCTGATCCTCTCACTTCTACCTCCTGAGTTCTGAGATTATAGATGTACTGCCACACCCAGTTTTTGTAGTGCTGAGGATTAAACCCAGGCCTTGAGCATCTAGTAAGTACTCTACTACTTGGGCAATATCCCCATCATTGTCTACTTGGTTAGGAAATTCTTTACTTTTAAACATGTGTATGTATGTGTCTGTGTACGAATGAGTATGTACATGTGAGTGTAGGTGCCAAGGCCAGAGGGATTAGATCCCCTGAAGCTGAAGTTCCAGGTGATTGTGAGCAGCTAGGTGTGGCTATGGGTGCTGGGAGTTGAACTCAGCTCCTCCTAACTGCCAAGCCCTCTCTCCAACCCCTAACACTATCTAGTCTTTTAGGCTTGGAGAGATGGCTCAGTGCATGTGGAGGCAGAAAAGAAATCCCTTGGAGCAAGCAGGTCAGTGAACTCTGAGTTCATCTGAGAGATCCTGCCTCAACAAAGTGGAGAGTAATAGAATATGATATCCACTCACATGAATGCATAGCAGGCACACATATCCATACAAAACAAAAAAGAGCCTCCATTTTGTCTTCCGTAATGGCTGTTTATGTTCCTGATTGCAGGTCTCTGTTGTTCACTTCCTCAGCAGCATTTGATAGTTTTTTGTCTTTCAAATAATAGCTATCCTAATAGGTGTGGGGTGATACCTCACTGTGGCTTTAATTTTTATCCCCCTGGGTTTGGTGTGATGTTTAAGTGTTTTCATGTGTTGTTTGGCTGTTTGTATGTCCTCCTTTGAGGCTATACCCAGTGCATTGATTTTTACATCAGAATCTTACATTTTTACTCTGAAATTATTTGAGTTTTAGCCATTTGCTTATTTTGCATTTAGCAAACATCCTAAGGACATTATGGCAATGTGGAAGATTGTGGAGAAGCAGTGTTTTCTGTAGCTAGGGTGACCACACGCTCCTCTGCTTTGCCTAAGGCGACCATGATTTATGCTGCTGTTTTGGACATTTATTAGCAGCGTCATTTTGCACTTTCAGACCTGTTGGAGGAGGACAAACTATCTTGCCACTCTTCCCAGAACACAGCTGACTCCTTTTGATATGTTATTTGGGTTAAACATTACACAGTTGTAATTTGGCAGCTCTAATGAGGCTGCTAAATTCTCTTTCTTTCAAACAGATTGTTCCTTGACCAACAGAAGTTGATAGCAAAAGTAATTTCACTTAATATCTGTAAATATTTAGAATGTTTCTTAAGGCATTCTCTGCCTGGCAGTTTTGGATGTGTAAGGTGTGTTTGTGTCTATGTTTCTTGCCTCTATGTGTTGTATGTATAATGTATACACACATAAAATAAGGAATGGTCCACTTCCATCAAAAGAAGACTCAACACATGAAAATGAGAAACATTTGATATCCTTATCATGCTGAAACCAATACTGTGAATACTTACCTTTTTGTTTAATAATTTTTTTAGTCCTTTGAGAATTTTGTACATTGCATTTTGATCATAGTACCTACCTTCCCAGCTTCTCCCAGATCCACCCACCTAACTTTGTGTGTGTGTCTTTTTCTTAATGCATCAAGTTTCATTTGTGCTTCCTATATACTCTTGAGCATGGCATCTACTAGAGCACCTTTGTTTTGCTAAGCAGGGAAGTAAAAAT
1026,chrX,143663745,143665744,+,61542,uc009umi.2,0.46295763431,1,0.46295763431,"325,1136;",1,GACAGGATAAATCAGTAAAGGTTTTAGGGAAAAGACAGCAAGGGGATTTGTGTGAAATCAATGTACTCAATTGGAAGAATAATTATTCCTTTTTGCATAATGCCACCTGTTTTGAAATGTATATTTCATGTACAGAAGACTGTTTTTTATCCTGCTTAAATTGCTACCTTTCTTAATTTCACCGCCACATACTCCCCACCACACACACCCTCGTACTTGTCTATGTAACCTGCTAGGCTGACAGGTGGTGTCCCAAATCCAAATTTCCTCAAGAAAGCCTGCTCCAGTAGATGGGTTCCCTAGCCTGAAACGCATCTCAAAGCCTAGTGTTTGTAACCCAGAAAGATGCATGAAATGTTCCCTCTCCACTCCTGTCTGGTGTCTTTCTCAATGGCTCCACCTTCCTCTTTAGACAATCCTGACAGTGTAGAAGTTTCCATCTCCCTTCCCTCTCCTCTCTCCACCCCCTTCACTTTCTCCCCCCTCCTAGGGCGCTTCCTGCCTGGAAACAAAAGATTGGTCCCCAGTAGCCCACTCAGGGCGATTTTACTTTTATGCTCACCATCTGATTGGCCTAGGTACGGTGCAGAGCCCAGGTGACGTCATAGCATAGCTAGGGAGCGGTTGCTGAGCAGAGGGGCTCTACAGTAGGCAGGCAGCTGTGGCCGCAAACTGTCTGGGGTCTTACGCTGGGGGCTGTAGCTTTTTCTCCTCTGGGAGTAAGTGCATTGGGTGAAAGAAGAGCCGTGGGGGGAGCGAGCCGGGCCCGGGGCTGCGGCTGCGGCCGCTGGGCTGCAGCTCCCCAGCCCAACTGCCAGCGTGCTCCGAGGTACTGGAAAGGTCTTGGCAGGGTGGCTGGACCCTTGGCAGGTAAATCCCGCGACTTCTGTACTGTACCGAGCTAGCTCGGGGGAGGGGAGAATGCCGGGCAGATGTTCTTTCTTGTGTCCCCCTCCTGCTCTTGCTGTGTCCCAGCTTTGACTCTTCTACGTGGCTCCATTGCCCAAGCCCTGGGACCTAGCGCACAGTGCTTCATGGGGTTTGCTCAGGCAGATGAGTGGGTGTGTCCGGGCTGGTCCTGAAGGACCTGGGCTTCTTCCCTTAGCCAAGCCCAGGGTTAGCTTACTGGGGTTTGGGCCGCCTGGGGCAAAATCCGCCCTGAAAGCTATGTCAGACTGTAAGTCTCCTACCATCTTCCCCTGAACCCCCCCACCCCGCCTCAGCCATACTGTTGACAGCAGCCCTCCAGAGAAGGGGAGGGGGGTGTGGCCGCAGTCTGGCCAAGTCTGCATCAGAACAACCTGAGTGAAACAGAAAAGTGCCAAATTTCTTAAAAGGGAGCTTTCCTTTCTTTAAAAAAAAATCCCCCTCCCCTTTTCTCTTTGGGGGGATGGTAATGACAAGAGGACCTTTTTTCCCCCTTTTCTTTTTCTTCTTCTGCGGGGACTGAATGGATTCAATATGGCCCTTAGAAAAGCCTGGCATCTTCCCCCCCCCCCCTTGGCCCCTGTCTTTATCTGGAGAGTGGGGGTCATTGGGTTTGCTGCTTCCTCCCTTCCCATTCCTGTAGCTCCCAGAAGACGCTGCCCTCAGTTTGTGACCTGCTACGATGACTGACATACTTCTGAGTGAACAGAACATTTTAGATTCAGGCTCTAGCAGGCTTTGCTTCCCTAGGTGGTGGCTGAGGGTAGAGTGTGGGTGTTGGGGGATATAGATGGTTCTTCTAAGGAGATAACCAGAGGCTCCATTGGGTTGTTTTTTGCCTGTCTGCTTGTTTGTTTGTTCCCACCTTCCAGAGTCCATTTCTAGATTCTTGGGGTTTCTGGGCTGTGTGGGCTGTAAAAGCAGAGGGAAGGGTGCGTGCCTTGGCTTTGGAAAGCCTGATGGGGGTGGTTGCGGTGCTATTTAAAAAAAAAAAAAAGTGGCTTCCACCGGGGAAGCCCTTAGCCATGTTAGTTTTGCTCCCTTCCCCAATGGTTTTGCAGACTCAAATCCAG
1149,chrX,159253782,159255781,+,61665,uc009usk.2,0.46049177083,1,0.46049177083,"729,1690;",,TTTTGTTGTTGTTGTTGTTGTTTTGTTTTGTTTTGTTTTGTTTTTTACATCAAGACAGCGCGGCCAACTAACCTGTGTTAGGGCCCTGGTTGTACTTGCAGCACCCGAATCAAAAATGGTGACAATCTCCTCGTCGTGCCTCTCTCCTCCAGTTTATTCTGAGCCTGCCTAGTTGTTGTTTAACGCGATCTGTCCCTGAGTTCAAGGCTGAGGGAGGGGGCTCTCAGCAAGAATTTCCGGCTGCCCCCCCCCCCAAAAAAACAGTTGGAGCTTTCATCAGATGAGGCTCCTAGGCCTGGAGGGGCAAACTGCAGATGGCAGCAAAAGGAGCCCAGCACCTGTCTCTGTCGGACCAAGCAAGAAACCTCGCACAGCTCCCACAGCCCGGGCCAGCTAGGTGTGGGGTTGTAAGGTCATTCTCACACCTGCTGAAGGGAGTGAGGCGGGGACACTCCAGGTGTCTGGATCCTGGGATGATTAAAGGAAACTGTTAAAAGGCATGCAGGGAGAGCGCAGCGGGGGGACGCGCTGTGGTAGCCAAGCGTGGGAGGCTAGAGATGCCTCCCTCCAGGCCTTGGGGACTGGGGAGACAAGCTGGCCTGAGATATGTGGACTGGGTAGACAAGCTGGCCTGAGATGTGTGTGTGTGTGTGTGTGTGTGTGTGTGTGTGTGTGTGTGTGTGTGTGTGTGTGTGTGTGTGTGTGTTTCTTTCCGATGCAGGGCGGTTAGCCAGGGGCTGCAGTAGCTTTCCACTCAGCCCAGCGACTTTTACACATCCCAGACATACTCAGCGCATCTAAGCAGCGGGCTCGAGAACCCAGGACTGAGCCTTCCCGGAATCCACTCAGAGCGCCCAGCCATTAATTCTCGAACTCTTAGAATTCTGTGGCTCCGTTGCCGACTGAGGATTGGGTTCCCTTAACCTAGGGCTTCCTCTTCTCGGGCAGGAGGAGGAGTCACAACCTCCCCTCCCTTTCTCCTCCGCCTACGACCAGCTTGATTTAAAAAAAAAAATCTAATCTTTTATTTAAAGTCAACGGAGAAGCAGGAACCCCGCGCTCCTGCCTAGAAGATATTTTTACTAACTCCTTAATCTCTGCCAAGAAGGGCAACCTTAAGGAACCTGTTTTCTTTTAAGCTTTAGGTAGCAAGGGAGGAGTGTGACAGTCTGGGCCGAAACTCGAGGGCTCTATGCACTTGGGAAGGGTTATTAGGGCGGAGGTAGGGTGGGACGAAAAATTTCCAAAGTACTAAACATTGAACACGAGAGTCAACTCGAAAAGCTTTGAATCAAATTGGGAGCCGAACGTACGTATGTGTGGCTAGCTCCCGGGAAAGAAGCCTCTTGAGTCCCCGTCCAAGCAGGAGAAAAGGGGTCAGGTGAATGAATACCCAGCTTGTGACCCTGAAGGAGGAGAGTCTTGGGCCAGGAGGGGATGTGCCCATAGCCTAGGCGCGCCCACGCGCACCCCTGGAGGAGAAAGGCCGAAAAGACACCTCCTGCCTCCGCCTGGGGCTGCTACCACCGGACTGCGCCCCCAGCGCCTTGCCCAGCTTCACCAGCTGAGCGCGAACCCCTCTGCTCTCCTATTCTCAACTAGTCTCCGAGCTGTTAGGACTCGTGGCAGTCAAAGGCACCTCGTCCGCCCCGCAGAGCCCATTTCTCTCCCCACCCCATCTCCCGCCAACGCCCCCAAATTTTTTGGGCTCGCCCTTCCTGAAAGTAGGCGAGGCCCAGAAGCTGAGGCTAGAGAGAGGAGGTGGAGGAGGAGGAGGAGGAGGAGGAGGAGGAGGAGGAGGAGGAGGAGGAGGAAGGGGTAGGAGGTGGAAAAGGGGCGGCGCCGAGCGGCCAGCCAGGGGGCGTGTCCGGCACTGGCCCCGCCCCTGGGTGCGCGCGGTGGTGGCGGAGGCCGCCCAGCCTCGCTCTAGAGAGACAGGTATCGCTTAGACGCCATGTTGTGAGCGGAAGTGGGGGAGCGCGCGGCCGTCGCTGTTCTGC
102,chrX,10716230,10718229,+,60618,uc033jok.1,0.45788871089,1,0.45788871089,"743,1908;",,GAGTTACCAATGACTTTTCTGTCTGTTATCAGCTCTTGTTCCCTTCAAAATTGAAAAGAGACATGATTTTCGGTAGACAGTACCAGTCCTTCAAGAAAAAACAAACAAACAAACAAACCCACATGCATAAGTGTCTCTCCTTGTTTGGGGCGCTTTTTTGTCTTGCAGGGGAATGCCATACTAAAACTTCCCCCCGAAGACTTTAGTGGGAAGAAATTTAAAATTAGAAGCCTGAGTCATCTTATCTGGAGGAATGGAAGAGCTGACTGGAGGTTGAGGGATGTGGCAAAGGAAATGAGATGGGAAATGAGTATGGGCTCAGGGCTGGGAACCTGAAAGAGGAGTTTCAAGTGTAAAACTTGAAAGGTAGATCCAGGGCTATGGTACACAGCTTAGGCTTATTAAGTAACCCTTGCTTAAGAACTATCTTTTGAAAGGAGCACTTGACACACACTCCAGAAAGTTATTGGGTATACTCCCATTTTTTTTCTTTAAATGATAAGATATACCCAACACCAGTCCTAACTTCTGCCACCTTCTCCTAGTCTTTTTGATAGCCAAAAGGGCCACAAGGCCCAAGTTCACACTCCATTGCCATGCTCTTATCTCTTGGTGGGGGACACAAAACTATAGATCAGATGACCAGGGTGCTCTTCATACCTGGCAGCAGTAGTAGGAAAGACCCCGCCAGGAGGGAAGCAAATGCCTCAGTGTTCCCATCCCCCTGCAGCTGACCACGACCTGGGCCGTGGAGGGAGCACCCCATGTCCACGTGCATCCGGCATGTCCTGCTAACTCTTCTTACATAAGATTCCCAAGTATGGAGTCAGGGCAGCTGTGAATCCCTCTTACCCGACGTCTAATAATAAATCGAGGCTAAATTTCCGGACTGCAGTCACTCTAGGTTCAGGATTGAGGGGCTCTTTTGCAACCCGGACACACAAGCATTCCGGTCATCCCACCCGGAGAGTGCGCGCCAAGCCCGCCCAGCCCGCGCGCGCCAGTCCGCCCTCTGGTTTGGACGGCGGCTCCTTGGGCTCAGTGCCTCGCCCTCCCTCCCCCAAACAGCTTGTTCTGGGTTTGGTGCTGGGGTGCGGCCGCTCCATCCTCCCAGCCCTACCCTGCCTTGCCCTGCTGGGCCGCCCTGCCTTAGCCCGGGTATCAGGCGAGAGGCGGAGCCACCCGGCGTGCCCCGCCCCCGCGGTAGAAAGGGTTGGGCGAGTGTTACTCGCGGTCAGGGCTGGGACCTTTTATCTGTGCTGCTGGAGGAGGTAGGAGGAGGAGACATCAGGGGTGGTCCTGGGCGCCTGGGACACCTTTCCCGGACTATAAATTGAGCACCTGGAATGGGCAGGGGGCCGGAGCAACCACAGTCGCCCTTACTCACAGTCCGATCAGTGACCGCAGCAGCGCCCTTGGGCAGCCACCGTCCGCAACGCAAGCACTGAGAACCAGGGGATTTCGCAGTGCAAGAGGTGGGTGTCCCCGCCCTTTGGCAGCCCGGGCTAATATGGTTGCTTTCGCTTAGGTTTTAGAAGGGAGAAACCAGAGAGTCCGGGATGGGGGAGATTTTTTTCTCCTTTTTTTTCAAAGGTCTTCTGCTAGTATTGGAGGAGGTGATACCGGCTGGTCCCAAGGAACCACCCTTGTGCCTTCTCTGGCCAGCCTTGGTCAGGGTGGGAGCATCGCGCGGACCGGATGCCGGGCATCCTAACCGGGTGGGTAATTTGTTCTTTTCGTCTCTGTCTCCCAAGCAGAAAAAGGCTAGACCCAGCCACCCACCGTCAATCCTGAGCCAAAGATAAGAGCAGCCGGGCCTCACGAAGGGCTGAGCTGAGAAAGAAGCAAGTTAGAGAGGGCGGAGAAGGATCTGGGAATCCCGTCACACCGGCTTCAAGCAGGCTCCCGGCATCAGCCTCTGAGAGCGCTTGAAGGCGGCATCGCCAGCGGTCTATCTCCGTGTACCAGCGTCCCTGTGTTTCCGCGCCCGCTCGGCCACC
942,chrX,136244366,136246365,+,61458,uc033jtm.1,0.45256539557,1,0.45256539557,"373,1607;",,TCTTCAGGCGACACCACTTCTTGGTAATAATACCACCAGCAGGCCTCTAGAGTTAAACATGATTTTTCTTCTTTTTAAATAATTCCCCCAAGTAACACCACAATATAATAAAAAATGTAAAGGCATATACTTTGAATGCATTTACTAAAAAACACTAGGCACTAGTATAAGAAATGAACATGTATGAATTCACAAATGTATCTAAAGTAATTTGGCTGTCACTTCTGACTGTAAAACAACATTACTTTCGAAAAGACTACAGACGTATTAAGAATAAAGTTTAAGTTGCCTTAAAGAAAAATCCCACTTCTATTTCAAGATTCCCCCTCTCCCACTGCTTTCTGACCTACCTACCTGGCTCCACAACAAAGGAGTGCGTTTCAGATGAAGGAGGAGGGGCTAAGGAAAGCTAGGTGGGGGGTGAGTGGTACTGGCAGTTAGGAGCGTGAGACAGGAAGAGCCTATTATTAAAAGAAGCCGAAAAGTTCCGTAGCTTCAAAAAATATGACGCTCCTCTTTAGTAATCAGAGAGCTGCAAAAAGAACAACAACAATAAAACCAATCCGCACATTCTTTTTTTTTCTTCCTCCAGAAAAGACTGACAAGGCCAAATGAATGTTTAGAGAGGGGGTGGTAGATGGGAGCGGAGGGCGGGGCCACATCTGCCGCGCTTTTTGTGGGAGTGGAGATCGGGGACCGGACCTCACTGGTGACGTAGATCTCATGTGACCAGGAGTCGACGTGTGCAGAAATCCTGCTAGTCTGGTCCTTGTTTCCATCTGGGTACCAGCTCCCTTTAGCCTTGCAGACGGTGGTGCGAGAGGCCAGCGGCCAGAAGAGACAGCTTGCTTCAATTCATCAGGTTAGTGTTTTAAGCCGTTACTGCCAAGGATTTTTGTAGTTTACAGTGGTCTAGGGTAGTGACTTGAGTCCTGGTTAAGTCTGTCCCTCCACCTCGTACCTTTAATTCTTCAGGAAAGGACACTTGTGAAACGACTAGGGGGTCCCAAGAGAAAACAAGGGGGGCTGTGACGATTCCAAAATAATCATACTCTGAGATTTTGGACCCCCACTTTGCTTCCCAAACCTCGTCTCGGATCTACAGATAGTTGGGGAAGAATAGCTCCTTTTTACCCTCTGTCTGGTGAGAAAGACAGGCTAACTTGCGGGGTGGGAAGGAGGAGTCCTTTGGGAAACAAAGGGTGGGAAACTTCCATAAGCAAGCCCTTAAATGCGGAGAGCTCGGCGAGCTGGGTCCGTGGTAGTGCTCTGCTGAGCACCGAGGGCTTGCTTGCCCCACCCCCAACATCCCCTCCCTTCTCCGTTTGCCTGCAGGTTTGTTCTTTGTACCGCACCAGGCTAAAATAAGTAGGAAAAAGAAATCGACCAGATCTGTACCTGGTAAGTGAGGGGGAACTTTATAAAAGACTCCCCCAGGATATGGGTCGGTGAAGGCCTGCAGAGGCTGAAGGCCCCAGTCCCCTCTCCCTTCCCCCCACCCCTTTCGGAGGGGCCTGTGTTAGGCCTGGGAGGGAGAAAGATTTGTGGAGGGCTGGGGCGGGAGGCGGGAAGGAAGGCCTTGGAAAATGCTGGAGGGAGGGACTAGAGAGGGGAGGGGGTGGAAAATGGAGGTAAGAGGGGCGGGGACAGGGAAACCTTGATTGCGGACTGGGTTTCTCAGGTGGAAGGTATCTGGTGAGGGCAGTTAGACCGAACGAGGGTGGGGGGAAGAGAGGAGGGGAAAGAGGGAAGTGGGGAGAGGGAGAGCGGGAGGGGGCAAGAGTGGACGGAGGGGGGGTGGGATGGGGAGGGCGTAAGCAAACGGTGAGGAGACCTTTGTGCACAGCACCTGCCCATCTACCAAGTCTTCCATCTACCACCACCTCCTCCTCCTCCTCCTCCTCCTCCTCCCCCTCCCCCTCCCCTCCCCCCTCGCTTCCTAGAAATCATTGCATTCCCGTATTCTGCAGGAAGCAGCAAAGAAGAGAAGCAGACACAAG
965,chrX,136740957,136742956,+,61481,uc009uiy.2,0.44684287484,1,0.44684287484,"244,1115;",,AGGCTTCACACCGAATGCCTCACACGCACTATTTTACTAGGCACATCTGAATCCGCGTCTGAGATAGCTACTATTACCATTTTACAAACATGGAAACCGAGACACAGAAAAGAGCCTTGCCCAAGCTGGGCGTTGGCGAGCAGGAATACGAATTCCGCTTTTCCTGAATGAGAAGGCACGAGTTAATCCTATCCATAAGTCAAGAAGAAAAGAGGAAATCATCTACCCTTCCTCCCCACCCCCACCCCGAAACCTGAAACGAGAATCCAGCTCTCTCCAGCAGCCGACGTGTGATCACTGCTGCTCCTCCAACCGCCATAGTAAAGCCAGGTTTCTCTGGCAACTGATATCCATAGGCAGACACGTCACCCTGGAGGCGGGCTTAGCCCATCAGCCAATCCTAGCCGTCTTGTCTGAGTTTTAGAATGTTCCATACCCAGATGATTGGACAGCCGCCCCCACGTCAGCAGTGACACTCAGCCGCAGTAAAGGCGGGTGCTAGCAACCTGCTTCTTCATGCTTAGGGCCGACTGCAAACCAATTAGCATCCTTCTTCAGTGAGGGCTCCCGCCAATGGCGATGGTTCTTTTAGGATCTTAGCCCGCCCTCCAAGTGCGCTCCAGCCGTTGGGTCAGAAGTCTATAGGGCAGCGCGTTCACGTGGCCCGTCTTCACGACCCAGAGTTCCCCTGACCGTGGGTTTTTTTTTTCCCCCCCTCGCGCTCGCCTTCTCTCCTGCAGGGAGGCATTATGGGTTTGTGGGTCCGCTCCCCTCCCCCGCCCCCGCCCCGCTGGGAAAGGAAGTGCCGACGTGGCTGGCGGAAACAGGCTAGGCGGAAATGAGCTAAGGTTCCCGCGAGTGGGAAGAGCGAGGGCAGACCCGGGGCCACGCCCCCGAGCCTGTTGCGCAACTCGCGGACCTGGGGAGAGAGGAAAAAAAAACACCAACGCCCCCCCAAAAAAACCAAAGGCAAAGGAATGGTGAAGGTTTTGAGGTGTGAGGCGTGTGAGGGTGGTGAGTGCCACTGGGCGGATGCCTGGATGCTTTGGAGAAACGGGGTGTCTGCGCGCACGCGGGCGCAGGCAGGCTCGCGTGGCTGTGGAGTGTGGGTGTGGGCGCACAGCCGCCCTCGTGGCGCTGGCGATGATGGGTGTGCGCAGGCGTGCTGCCCTGGTGGGGACGGGAGGGGCCGTGTGTGAGTGTGTGTGTGTGTGTGTGTGTGTGTGTGTGTGCGCGCGCGCGCGTGAGCGTAGGCGAGGTCCCTCATTTTGGTGGATTTTTCTGCCTTTTTTATGTTTGCAAACTGCATTAATAAAACTGAGAATAACTAGGACAGTGCTAGTATCTAAAGGAAAGGGCTTCTGTAAGAAAAGGCCTGCCGATTTAATCAAATTCCTTTCTTTTCTTTGCCTTTTTTCGTTTTTTTGTTTGTTTTTGAGGCCTGTTGTAACTAGGTAGCCCTGGCTGGCCTGGAACTCGGAGATCCACCTGTCCCTTCACGGCCTTCGAGCGCTGGGATTAAAAGCATGCGCCACTCCACCCAGTCCGATTTAATTTTAGACCCTAGAGATGATCATTATTCCCACATTATAGTCCACCAAAATAAACTTCTTCCATGGTTAAGATTCAGAACTATATTAGTAACGTAAAAGGGCGTTTCTTTCAAGTTTCCAGTTGTACACCCCCTCCTCTCTGTCCCCAAGGCCTCCCCTTTGCCCTTCACCAAATTTACTGCGAATCTCCCTTATGCCCCCTCACCAGGTTTATCGCTAAATTGGCACACAAAATTTTAATGAAAACATAGGCAACTAAATTCCCCAGTGATAGAGACAACTCCAGTTTCCTGTGGGTGGTGAGCCTCACCTACCTTTTTTCCTAATCTCCAAGCGGAGTGATCAAATACACATTCGGCCAATTTTCCAGAAAGTTCACTGGCTGAGCAGTAAACCTCTTGAATCTGCCGCTAGATGTCACCAAATCCCAGCCAAAGGAGTTACTGC
2178,chrX,136741156,136743155,-,62694,uc012hox.2,0.44684287484,1,0.44684287484,"1083,1954;",,AAAAAAAAAAAACGAATTCCTTTAATTGGTCTTAAAAGCCTATATATTAAGGAACGGATCATGACAATGAAGTGTCTTGAACTAGAATAAGTAGAAATCCTTAAATTCTATATATATACTCAGTCGGTCTCTAATCCCTCGGGTATTTTATTCTTCACCCACCTCGTTTTTTTAGTTAGAGTGTTAGGGACCCTTGGTTCGTCATTGAGGAAACCGACCCTAAACCACTGTAGATCGCCGTCTAAGTTCTCCAAATGACGAGTCGGTCACTTGAAAGACCTTTTAACCGGCTTACACATAAACTAGTGAGGCGAACCTCTAATCCTTTTTTCCATCCACTCCGAGTGGTGGGTGTCCTTTGACCTCAACAGAGATAGTGACCCCTTAAATCAACGGATACAAAAGTAATTTTAAAACACACGGTTAAATCGCTATTTGGACCACTCCCCCGTATTCCCTCTAAGCGTCATTTAAACCACTTCCCGTTTCCCCTCCGGAACCCCTGTCTCTCCTCCCCCACATGTTGACCTTTGAACTTTCTTTGCGGGAAAATGCAATGATTATATCAAGACTTAGAATTGGTACCTTCTTCAAATAAAACCACCTGATATTACACCCTTATTACTAGTAGAGATCCCAGATTTTAATTTAGCCTGACCCACCTCACCGCGTACGAAAATTAGGGTCGCGAGCTTCCGGCACTTCCCTGTCCACCTAGAGGCTCAAGGTCCGGTCGGTCCCGATGGATCAATGTTGTCCGGAGTTTTTGTTTGTTTTTTTGCTTTTTTCCGTTTCTTTTCTTTCCTTAAACTAATTTAGCCGTCCGGAAAAGAATGTCTTCGGGAAAGGAAATCTATGATCGTGACAGGATCAATAAGAGTCAAAATAATTACGTCAAACGTTTGTATTTTTTCCGTCTTTTTAGGTGGTTTTACTCCCTGGAGCGGATGCGAGTGCGCGCGCGCGCGTGTGTGTGTGTGTGTGTGTGTGTGTGTGTGTGAGTGTGTGCCGGGGAGGGCAGGGGTGGTCCCGTCGTGCGGACGCGTGTGGGTAGTAGCGGTCGCGGTGCTCCCGCCGACACGCGGGTGTGGGTGTGAGGTGTCGGTGCGCTCGGACGGACGCGGGCGCACGCGCGTCTGTGGGGCAAAGAGGTTTCGTAGGTCCGTAGGCGGGTCACCGTGAGTGGTGGGAGTGTGCGGAGTGTGGAGTTTTGGAAGTGGTAAGGAAACGGAAACCAAAAAAACCCCCCCGCAACCACAAAAAAAAAGGAGAGAGGGGTCCAGGCGCTCAACGCGTTGTCCGAGCCCCCGCACCGGGGCCCAGACGGGAGCGAGAAGGGTGAGCGCCCTTGGAATCGAGTAAAGGCGGATCGGACAAAGGCGGTCGGTGCAGCCGTGAAGGAAAGGGTCGCCCCGCCCCCGCCCCCTCCCCTCGCCTGGGTGTTTGGGTATTACGGAGGGACGTCCTCTCTTCCGCTCGCGCTCCCCCCCTTTTTTTTTTGGGTGCCAGTCCCCTTGAGACCCAGCACTTCTGCCCGGTGCACTTGCGCGACGGGATATCTGAAGACTGGGTTGCCGACCTCGCGTGAACCTCCCGCCCGATTCTAGGATTTTCTTGGTAGCGGTAACCGCCCTCGGGAGTGACTTCTTCCTACGATTAACCAAACGTCAGCCGGGATTCGTACTTCTTCGTCCAACGATCGTGGGCGGAAATGACGCCGACTCACAGTGACGACTGCACCCCCGCCGACAGGTTAGTAGACCCATACCTTGTAAGATTTTGAGTCTGTTCTGCCGATCCTAACCGACTACCCGATTCGGGCGGAGGTCCCACTGCACAGACGGATACCTATAGTCAACGGTCTCTTTGGACCGAAATGATACCGCCAACCTCCTCGTCGTCACTAGTGTGCAGCCGACGACCTCTCTCGACCTAAGAGCAAAGTCCAAAGCCCCACCCCCACCCCTCCTTCCCATCTACTAAAGGAGAAAAGAAGAACT
2303,chrX,152644150,152646149,-,62819,uc057ath.1,0.44544684051,1,0.44544684051,"1143,1209;",,CTTTACAAAAACAATCCCTATATGGGTCAACTATCTTATGAACTAGTTGTGAAATTGTACATGTTGTTCGGAGAACCCTCTCCTTCCGTTCCTACCCCTACAGTCCCTCCACTGTAGTGACATATACTCCTGTATATTTTTTATGATACACCTGTACTTTTTGTGACCTTTCTCACACTCGAAACGTTAGTTTTTATGTCCTCGTTTAGAAGTGATACAAACATAGTCCAGTAGGTCTAAATCATTGGAGAACATTGGGAAAGAGAATTTAAATTCGTAAATCACCCTAGGTTCAATCATATGGTGTCTCTGTGGGTGTGTAGTAACAGGTGACTTCGTGACAAGTGTTATCGGTTCAATAATTCAACCGGACTCATAGGGTATTTGTGTTATCATTTCTTTTTACATCCGACCTCTCATATACATAAAATAAACCAGTGTTTGATTTTTTACTTTACAGTAAACGTCCCTTAATCTACTTTGACCTCTAGTAACACAAATCATGTTATTCGATCTAGTCCTTTTTGCAAAAAAAAAAGGAGTACACCTTCGATCTAATTTATGTATATGTGCATATACATATACTGTACTTTCATCATCTTTCCAATCATAAACACTTCTAATTCCTATTCTTCCCCCGATTCCTTCTATTATATTCTATTATTAATATATATTATATACACACTATATAATATATATTAATTATATTATATATTCTATTATTACTCGTTTGACACTAAATTTACATACTTTTACATTTTCACTTTGGGTATTACGACATTTTCACTTATATATGATTATTTTTGCATTTACGAATTACCTATATTACTATTATCTAATCGTCACACGATATAACCTCCGACGTATTATTGTACAATGAACCATTTTACGCGTCCTCTGACTTTATTAATGACACATAACTCTTCTCGAAATACCTTTGTTCGACCTTTCGTTTTCGGGACAACCGATTCGGGTCCTGAGTCTACAACTCCCGACAGATCCACCCTTCCTCGATACTTCTTTTAAACACTCCCCCGTTAAAGACAAATCCTGGTACGGTGACTCCAACCCCCAAACACCAGTCTCACCTCCACCCCGGGCCTCGGAAATTTACGTTCAGTAACACTACACTACTTAACTCACTCAGCCCAGTCAGACCAACGAAACAGAAGAACGGGGTCACGGGAACGTGTGTCTTTTTCAAGATTTTGTGAAACAAACAGTCAACTACCTAATGTAAGGATTACTCACACATTAGTCGCATTCTTATAGGTAGCTGTATTTTATCCGATAACTCATAGAAGAAATTGAAGTAACATCAACATCTCAACCTGATACATACGGACACTATCGTAACTAGTCTCAAAAATTCATCTTAAGTACTTACTGTAAGAACGTCACCCAAGAAGATATAAAAGGTGAAATTCTTTTATATTTTTCTTTCCTGTGGGTAAGAGGTACGGATAATCCCCAAAATTTTCATCTTCGGAGAATGTCGAATCAGTACCCTTCACGACCATTATAAGGGACTCTGGTCTATATGACCCAAAACCTCAACTGTCTTGGAAGTATTTGAACATGTAGTATTCCGTCGTCCGAGACTATAAGGTCGACAACGGTCGTACGGAAGCACTGAGGTGTTACGACATCCGTCGTCCTAAGACGCCACCGTCTCCGCCCGAAACCCAGGGACTTCGTGAATCGACGGAAACGTCCGACTTACTCGGTGTCAGATGTCGTCGTTAGTCCCTACGTCCATTCTCTGAGATCACGAGGAAGAGTCCCGTAGAATAGGGGCTCCCCTTGACAAAATTTTTAGTGAACACGATAAACACTCCTCCCACATCAAGGGTTACGGAGAAAACAAGATGTCAGAATTTCCCGTCCAACAAACAGTCAAGTGTTACCGCACCCAGACTAGATCGTTCTAGACGTTTGTAAGAGTAACAAATAACAAGACAGATTTCTACTTTTTAGTACGTTTAGTCCCAAGTCTAAGA
2304,chrX,152644549,152646548,-,62820,uc009uqj.2,0.44544684051,1,0.44544684051,"1542,1608;",,CTACTTCGTCGTGTAGTACCTTCTTTCTGCACTACCCCCTTTTAGGTAAATTAAGTACCATCGTCTCTTCGTCTCACCCTCCTTCTCCCTTGACTACATGATGTCAGAGGAAATTCATATATTAGGATCACTGGATTAAAGGAAAGAGAACAGGGATAATGGATTTCTAAGAAGGTAAAGTATCATCACCGGGAGTGCCCTGGTTCGGAAATTTTGTGATAGAGATACTCTCTATGAATTTATGAAATTTTGTAATAGAGATACTCTCTATGAATTCTAAGCTTACTATCATATGATATAGTATGTTTAGACTTCGAATTATTATCTCTTGTGAACCAGATAATATACCTTTGAACAAAGAAAATTCAAAAGACATTAAAAAAAAAAAGTAAACTTTTACTTTACAAAAACAATCCCTATATGGGTCAACTATCTTATGAACTAGTTGTGAAATTGTACATGTTGTTCGGAGAACCCTCTCCTTCCGTTCCTACCCCTACAGTCCCTCCACTGTAGTGACATATACTCCTGTATATTTTTTATGATACACCTGTACTTTTTGTGACCTTTCTCACACTCGAAACGTTAGTTTTTATGTCCTCGTTTAGAAGTGATACAAACATAGTCCAGTAGGTCTAAATCATTGGAGAACATTGGGAAAGAGAATTTAAATTCGTAAATCACCCTAGGTTCAATCATATGGTGTCTCTGTGGGTGTGTAGTAACAGGTGACTTCGTGACAAGTGTTATCGGTTCAATAATTCAACCGGACTCATAGGGTATTTGTGTTATCATTTCTTTTTACATCCGACCTCTCATATACATAAAATAAACCAGTGTTTGATTTTTTACTTTACAGTAAACGTCCCTTAATCTACTTTGACCTCTAGTAACACAAATCATGTTATTCGATCTAGTCCTTTTTGCAAAAAAAAAAGGAGTACACCTTCGATCTAATTTATGTATATGTGCATATACATATACTGTACTTTCATCATCTTTCCAATCATAAACACTTCTAATTCCTATTCTTCCCCCGATTCCTTCTATTATATTCTATTATTAATATATATTATATACACACTATATAATATATATTAATTATATTATATATTCTATTATTACTCGTTTGACACTAAATTTACATACTTTTACATTTTCACTTTGGGTATTACGACATTTTCACTTATATATGATTATTTTTGCATTTACGAATTACCTATATTACTATTATCTAATCGTCACACGATATAACCTCCGACGTATTATTGTACAATGAACCATTTTACGCGTCCTCTGACTTTATTAATGACACATAACTCTTCTCGAAATACCTTTGTTCGACCTTTCGTTTTCGGGACAACCGATTCGGGTCCTGAGTCTACAACTCCCGACAGATCCACCCTTCCTCGATACTTCTTTTAAACACTCCCCCGTTAAAGACAAATCCTGGTACGGTGACTCCAACCCCCAAACACCAGTCTCACCTCCACCCCGGGCCTCGGAAATTTACGTTCAGTAACACTACACTACTTAACTCACTCAGCCCAGTCAGACCAACGAAACAGAAGAACGGGGTCACGGGAACGTGTGTCTTTTTCAAGATTTTGTGAAACAAACAGTCAACTACCTAATGTAAGGATTACTCACACATTAGTCGCATTCTTATAGGTAGCTGTATTTTATCCGATAACTCATAGAAGAAATTGAAGTAACATCAACATCTCAACCTGATACATACGGACACTATCGTAACTAGTCTCAAAAATTCATCTTAAGTACTTACTGTAAGAACGTCACCCAAGAAGATATAAAAGGTGAAATTCTTTTATATTTTTCTTTCCTGTGGGTAAGAGGTACGGATAATCCCCAAAATTTTCATCTTCGGAGAATGTCGAATCAGTACCCTTCACGACCATTATAAGGGACTCTGGTCTATATGACCCAAAACCTCAACTGTCTTGGAAGTATTTGAACATGTAGTATTCCGTCGTCCGAGA
2305,chrX,152644549,152646548,-,62821,uc009uqk.2,0.44544684051,1,0.44544684051,"1542,1608;",,CTACTTCGTCGTGTAGTACCTTCTTTCTGCACTACCCCCTTTTAGGTAAATTAAGTACCATCGTCTCTTCGTCTCACCCTCCTTCTCCCTTGACTACATGATGTCAGAGGAAATTCATATATTAGGATCACTGGATTAAAGGAAAGAGAACAGGGATAATGGATTTCTAAGAAGGTAAAGTATCATCACCGGGAGTGCCCTGGTTCGGAAATTTTGTGATAGAGATACTCTCTATGAATTTATGAAATTTTGTAATAGAGATACTCTCTATGAATTCTAAGCTTACTATCATATGATATAGTATGTTTAGACTTCGAATTATTATCTCTTGTGAACCAGATAATATACCTTTGAACAAAGAAAATTCAAAAGACATTAAAAAAAAAAAGTAAACTTTTACTTTACAAAAACAATCCCTATATGGGTCAACTATCTTATGAACTAGTTGTGAAATTGTACATGTTGTTCGGAGAACCCTCTCCTTCCGTTCCTACCCCTACAGTCCCTCCACTGTAGTGACATATACTCCTGTATATTTTTTATGATACACCTGTACTTTTTGTGACCTTTCTCACACTCGAAACGTTAGTTTTTATGTCCTCGTTTAGAAGTGATACAAACATAGTCCAGTAGGTCTAAATCATTGGAGAACATTGGGAAAGAGAATTTAAATTCGTAAATCACCCTAGGTTCAATCATATGGTGTCTCTGTGGGTGTGTAGTAACAGGTGACTTCGTGACAAGTGTTATCGGTTCAATAATTCAACCGGACTCATAGGGTATTTGTGTTATCATTTCTTTTTACATCCGACCTCTCATATACATAAAATAAACCAGTGTTTGATTTTTTACTTTACAGTAAACGTCCCTTAATCTACTTTGACCTCTAGTAACACAAATCATGTTATTCGATCTAGTCCTTTTTGCAAAAAAAAAAGGAGTACACCTTCGATCTAATTTATGTATATGTGCATATACATATACTGTACTTTCATCATCTTTCCAATCATAAACACTTCTAATTCCTATTCTTCCCCCGATTCCTTCTATTATATTCTATTATTAATATATATTATATACACACTATATAATATATATTAATTATATTATATATTCTATTATTACTCGTTTGACACTAAATTTACATACTTTTACATTTTCACTTTGGGTATTACGACATTTTCACTTATATATGATTATTTTTGCATTTACGAATTACCTATATTACTATTATCTAATCGTCACACGATATAACCTCCGACGTATTATTGTACAATGAACCATTTTACGCGTCCTCTGACTTTATTAATGACACATAACTCTTCTCGAAATACCTTTGTTCGACCTTTCGTTTTCGGGACAACCGATTCGGGTCCTGAGTCTACAACTCCCGACAGATCCACCCTTCCTCGATACTTCTTTTAAACACTCCCCCGTTAAAGACAAATCCTGGTACGGTGACTCCAACCCCCAAACACCAGTCTCACCTCCACCCCGGGCCTCGGAAATTTACGTTCAGTAACACTACACTACTTAACTCACTCAGCCCAGTCAGACCAACGAAACAGAAGAACGGGGTCACGGGAACGTGTGTCTTTTTCAAGATTTTGTGAAACAAACAGTCAACTACCTAATGTAAGGATTACTCACACATTAGTCGCATTCTTATAGGTAGCTGTATTTTATCCGATAACTCATAGAAGAAATTGAAGTAACATCAACATCTCAACCTGATACATACGGACACTATCGTAACTAGTCTCAAAAATTCATCTTAAGTACTTACTGTAAGAACGTCACCCAAGAAGATATAAAAGGTGAAATTCTTTTATATTTTTCTTTCCTGTGGGTAAGAGGTACGGATAATCCCCAAAATTTTCATCTTCGGAGAATGTCGAATCAGTACCCTTCACGACCATTATAAGGGACTCTGGTCTATATGACCCAAAACCTCAACTGTCTTGGAAGTATTTGAACATGTAGTATTCCGTCGTCCGAGA
